Date,Time,Load,Nuclear,Goesgen,Leibstadt,Muehleberg,Beznau 1,Beznau 2,Hydro & other,Solar,Import+/Export-
2020-06-01 ,00:00,6745.37,2881.4,987.6,1167.0,0,364.0,362.8,2257.6,0.0,1606.4
2020-06-01 ,01:00,6843.44,2881.6,987.9,1167.0,0,363.9,362.8,2470.4,0.0,1491.5
2020-06-01 ,02:00,6782.82,2881.9,988.4,1167.0,0,363.8,362.7,2604.1,0.0,1296.8
2020-06-01 ,03:00,6675.16,2883.7,989.5,1168.0,0,363.4,362.8,3002.3,0.0,789.2
2020-06-01 ,04:00,6243.99,2884.9,990.0,1169.0,0,363.1,362.8,2593.9,40.57,724.7
2020-06-01 ,05:00,6269.59,2881.5,989.1,1166.0,0,363.6,362.8,3130.3,218.21,39.6
2020-06-01 ,06:00,5890.3,2878.0,988.2,1163.0,0,364.0,362.8,2476.5,535.84,-34.7
2020-06-01 ,07:00,6234.04,2873.8,987.0,1160.0,0,363.9,362.9,2217.2,959.91,183.1
2020-06-01 ,08:00,6781.42,2866.5,984.5,1156.0,0,363.6,362.4,2072.4,1273.05,569.5
2020-06-01 ,09:00,7453.6,2859.0,982.2,1151.0,0,363.5,362.3,2396.1,1512.36,686.2
2020-06-01 ,10:00,7611.25,2851.1,979.7,1146.0,0,363.3,362.1,2531.5,1594.96,633.6
2020-06-01 ,11:00,7643.23,2845.4,977.5,1143.0,0,363.2,361.7,2741.7,1644.67,411.5
2020-06-01 ,12:00,7474.21,2840.3,975.8,1140.0,0,363.0,361.5,2440.4,1631.28,562.2
2020-06-01 ,13:00,7339.6,2834.8,973.9,1137.0,0,362.7,361.2,2329.6,1525.79,649.4
2020-06-01 ,14:00,7240.76,2828.8,972.2,1133.0,0,362.6,361.0,2442.1,1344.92,624.9
2020-06-01 ,15:00,7219.14,2825.8,970.3,1132.0,0,362.5,361.0,3240.2,1081.45,71.7
2020-06-01 ,16:00,6589.23,2825.1,970.0,1132.0,0,362.3,360.8,3050.4,713.76,-2333.4
2020-06-01 ,17:00,5623.68,2826.7,970.5,1133.0,0,362.3,360.9,2455.8,341.23,-4474.7
2020-06-01 ,18:00,5525.74,2830.2,970.9,1136.0,0,362.4,360.9,2599.3,96.27,-4552.3
2020-06-01 ,19:00,5465.12,2835.5,972.6,1139.0,0,362.6,361.3,2623.3,6.28,-4179.5
2020-06-01 ,20:00,5530.66,2841.9,973.4,1144.0,0,363.0,361.5,2688.8,0.0,-4880.1
2020-06-01 ,21:00,5620.68,2847.1,975.1,1147.0,0,363.2,361.8,2773.6,0.0,-3116.6
2020-06-01 ,22:00,5392.55,2852.7,977.0,1150.0,0,363.4,362.3,2539.9,0.0,-1522.3
2020-06-01 ,23:00,5174.91,2857.9,978.6,1153.0,0,363.9,362.4,2317.0,0.0,-404.0
2020-06-02 ,00:00,5389.01,2863.1,980.4,1156.0,0,364.1,362.6,2484.1,0.0,41.8
2020-06-02 ,01:00,5560.25,2868.7,982.0,1160.0,0,364.0,362.7,2605.0,0.0,86.5
2020-06-02 ,02:00,5579.73,2870.7,983.0,1161.0,0,363.9,362.8,2709.0,0.0,-149.7
2020-06-02 ,03:00,5270.91,2874.9,984.5,1164.0,0,363.5,362.9,2396.0,0.0,-320.2
2020-06-02 ,04:00,5430.27,2874.0,984.5,1164.0,0,363.0,362.5,2509.8,46.49,-2059.5
2020-06-02 ,05:00,5637.23,2871.7,982.7,1163.0,0,363.3,362.7,2540.2,225.33,-2416.3
2020-06-02 ,06:00,6368.39,2865.0,979.5,1158.0,0,364.9,362.6,2972.0,531.39,-3889.8
2020-06-02 ,07:00,6825.92,2858.5,977.0,1152.0,0,366.9,362.6,3015.8,951.57,-4442.0
2020-06-02 ,08:00,6954.5,2847.7,975.7,1145.0,0,364.7,362.3,2821.8,1285.05,-3218.1
2020-06-02 ,09:00,7092.34,2837.7,973.2,1139.0,0,363.4,362.1,2789.0,1465.59,-2371.3
2020-06-02 ,10:00,7387.76,2830.8,971.6,1134.0,0,363.4,361.8,2970.4,1586.58,-3005.7
2020-06-02 ,11:00,7027.44,2828.6,970.1,1134.0,0,363.0,361.5,2564.3,1634.58,-3036.2
2020-06-02 ,12:00,7065.41,2824.1,969.2,1131.0,0,362.7,361.2,2617.5,1623.85,-1960.1
2020-06-02 ,13:00,6945.81,2819.7,968.1,1128.0,0,362.6,361.0,2602.7,1523.4,-2271.0
2020-06-02 ,14:00,6779.96,2816.2,967.3,1126.0,0,362.3,360.6,2669.8,1293.95,-2472.3
2020-06-02 ,15:00,6693.42,2814.3,965.9,1126.0,0,362.0,360.4,2820.9,1058.25,-3972.0
2020-06-02 ,16:00,6640.48,2811.7,964.8,1125.0,0,361.8,360.1,3129.3,699.46,-6242.8
2020-06-02 ,17:00,6700.59,2812.1,964.4,1126.0,0,361.6,360.1,3539.8,348.7,-7096.7
2020-06-02 ,18:00,6534.18,2816.1,963.8,1130.0,0,362.0,360.3,3620.0,98.06,-6467.6
2020-06-02 ,19:00,6303.04,2819.7,966.0,1131.0,0,362.1,360.6,3477.7,5.68,-6546.1
2020-06-02 ,20:00,6236.99,2826.8,968.0,1136.0,0,362.4,360.4,3410.2,0.0,-7295.7
2020-06-02 ,21:00,6220.05,2834.8,971.2,1140.0,0,362.6,361.0,3385.2,0.0,-6632.6
2020-06-02 ,22:00,5838.77,2840.7,973.9,1143.0,0,362.8,361.0,2998.1,0.0,-4676.3
2020-06-02 ,23:00,5521.46,2845.4,974.9,1146.0,0,363.2,361.3,2676.1,0.0,-3500.5
2020-06-03 ,00:00,5304.64,2848.2,976.4,1147.0,0,363.4,361.4,2456.4,0.0,-2284.5
2020-06-03 ,01:00,5173.47,2851.5,977.8,1149.0,0,363.1,361.6,2322.0,0.0,-1888.0
2020-06-03 ,02:00,5063.4,2854.2,978.5,1151.0,0,363.2,361.5,2209.2,0.0,-1952.5
2020-06-03 ,03:00,4825.74,2858.1,979.4,1154.0,0,363.1,361.6,1967.6,0.0,-2043.2
2020-06-03 ,04:00,5084.72,2856.4,979.5,1153.0,0,362.6,361.3,2191.0,37.27,-3932.6
2020-06-03 ,05:00,5768.61,2855.0,978.6,1153.0,0,362.4,361.0,2701.7,211.9,-5824.1
2020-06-03 ,06:00,6514.69,2850.6,977.2,1150.0,0,362.4,361.0,3144.9,519.15,-6431.8
2020-06-03 ,07:00,6932.86,2839.7,973.4,1143.0,0,362.5,360.8,3076.4,1016.81,-6145.6
2020-06-03 ,08:00,7016.92,2830.9,969.7,1138.0,0,362.4,360.8,2932.3,1253.7,-6177.8
2020-06-03 ,09:00,7141.53,2816.3,965.8,1128.0,0,362.1,360.4,2903.1,1422.08,-5298.8
2020-06-03 ,10:00,7442.49,2809.5,964.4,1123.0,0,361.9,360.2,2968.6,1664.38,-4822.6
2020-06-03 ,11:00,7092.94,2812.7,964.0,1127.0,0,361.7,360.0,2626.0,1654.24,-3993.4
2020-06-03 ,12:00,7103.95,2812.6,962.1,1129.0,0,361.6,359.9,3430.7,860.66,-3442.6
2020-06-03 ,13:00,7043.79,2805.5,960.4,1124.0,0,361.5,359.6,3613.3,624.96,-4374.5
2020-06-03 ,14:00,6931.37,2802.4,960.3,1121.0,0,361.4,359.7,3075.8,1053.2,-4380.5
2020-06-03 ,15:00,6843.2,2803.8,962.3,1121.0,0,361.2,359.3,3827.8,211.62,-4396.7
2020-06-03 ,16:00,6798.21,2802.9,963.8,1119.0,0,360.8,359.3,3937.5,57.85,-3932.0
2020-06-03 ,17:00,6898.26,2810.1,967.9,1122.0,0,360.8,359.4,3992.4,95.72,-5750.4
2020-06-03 ,18:00,6609.74,2822.6,969.9,1132.0,0,361.1,359.6,3696.2,90.91,-5969.4
2020-06-03 ,19:00,6276.11,2827.2,969.8,1136.0,0,361.6,359.8,3441.4,7.47,-5275.6
2020-06-03 ,20:00,6170.83,2830.8,970.1,1139.0,0,361.8,359.9,3340.0,0.0,-4768.8
2020-06-03 ,21:00,6060.66,2832.1,969.8,1140.0,0,362.1,360.2,3228.6,0.0,-2708.3
2020-06-03 ,22:00,5699.93,2832.0,970.4,1139.0,0,362.2,360.4,2867.9,0.0,-1798.0
2020-06-03 ,23:00,5427.45,2834.0,970.9,1140.0,0,362.6,360.5,2593.4,0.0,-1068.8
2020-06-04 ,00:00,5645.93,2836.7,970.6,1143.0,0,362.5,360.6,2809.2,0.0,-792.6
2020-06-04 ,01:00,5821.77,2838.1,970.7,1144.0,0,362.6,360.8,2983.7,0.0,-1232.9
2020-06-04 ,02:00,5694.44,2837.7,970.3,1144.0,0,362.7,360.7,2856.7,0.0,-1029.5
2020-06-04 ,03:00,5479.0,2838.2,970.1,1145.0,0,362.4,360.7,2640.8,0.0,-1859.9
2020-06-04 ,04:00,5157.73,2837.2,969.7,1145.0,0,362.0,360.5,2311.9,8.66,-3249.6
2020-06-04 ,05:00,5873.18,2835.6,969.7,1144.0,0,361.7,360.2,3020.6,17.01,-4239.8
2020-06-04 ,06:00,6688.38,2832.8,968.9,1142.0,0,361.7,360.2,3753.3,102.27,-5075.0
2020-06-04 ,07:00,7208.43,2830.9,968.2,1141.0,0,361.7,360.0,4101.3,276.26,-5574.0
2020-06-04 ,08:00,7427.3,2829.4,967.6,1140.0,0,361.6,360.2,4260.8,337.06,-3412.0
2020-06-04 ,09:00,7666.9,2828.4,967.7,1139.0,0,361.6,360.1,3794.3,1044.22,-4722.1
2020-06-04 ,10:00,7956.2,2826.3,967.5,1137.0,0,361.7,360.1,4447.8,682.14,-4435.7
2020-06-04 ,11:00,7544.28,2819.3,966.0,1136.0,0,361.6,355.7,4080.1,644.91,-4785.9
2020-06-04 ,12:00,7482.2,2828.6,966.0,1142.0,0,361.7,358.9,3878.4,775.15,-5055.7
2020-06-04 ,13:00,7398.88,2827.1,966.0,1139.0,0,361.9,360.2,4044.0,527.81,-4648.0
2020-06-04 ,14:00,7255.15,2826.2,965.8,1138.0,0,362.0,360.4,3929.2,499.76,-3820.0
2020-06-04 ,15:00,7185.76,2825.1,966.3,1136.0,0,362.2,360.6,4015.2,345.44,-3553.7
2020-06-04 ,16:00,7097.21,2825.3,966.6,1136.0,0,362.1,360.6,4104.1,167.79,-3743.4
2020-06-04 ,17:00,7146.84,2827.6,967.7,1137.0,0,362.3,360.6,4297.2,22.09,-4228.4
2020-06-04 ,18:00,6898.11,2829.5,969.5,1137.0,0,362.3,360.7,4055.2,13.43,-3841.5
2020-06-04 ,19:00,6572.85,2833.2,969.9,1140.0,0,362.3,361.0,3737.2,2.42,-3059.0
2020-06-04 ,20:00,6349.6,2836.0,970.5,1142.0,0,362.7,360.8,3513.6,0.0,-2870.1
2020-06-04 ,21:00,6158.92,2838.4,970.8,1144.0,0,362.6,361.0,3320.5,0.0,-1220.0
2020-06-04 ,22:00,6311.68,2839.8,971.0,1145.0,0,362.8,361.0,3048.4,0.0,423.5
2020-06-04 ,23:00,7170.39,2840.8,971.3,1145.0,0,363.1,361.4,3214.6,0.0,1115.0
2020-06-05 ,00:00,7388.51,2843.8,971.1,1148.0,0,363.2,361.5,3596.7,0.0,948.0
2020-06-05 ,01:00,7231.32,2844.2,971.8,1148.0,0,363.1,361.3,3367.1,0.0,1020.0
2020-06-05 ,02:00,7140.81,2843.7,972.0,1147.0,0,363.1,361.6,3351.0,0.0,946.1
2020-06-05 ,03:00,6999.77,2845.6,973.1,1148.0,0,363.0,361.5,3984.0,0.0,170.2
2020-06-05 ,04:00,6634.76,2846.5,973.2,1149.0,0,362.6,361.7,3742.9,45.34,-1605.1
2020-06-05 ,05:00,5972.82,2844.3,972.5,1148.0,0,362.5,361.3,3032.8,95.68,-2233.2
2020-06-05 ,06:00,6584.73,2844.0,972.0,1148.0,0,362.6,361.4,3593.8,146.97,-3795.6
2020-06-05 ,07:00,7088.08,2842.6,971.8,1147.0,0,362.5,361.3,4072.0,173.47,-3565.0
2020-06-05 ,08:00,7277.53,2842.4,971.8,1147.0,0,362.3,361.3,4166.3,268.79,-1516.6
2020-06-05 ,09:00,7489.69,2843.8,971.8,1148.0,0,362.6,361.4,3990.0,655.91,-1382.0
2020-06-05 ,10:00,7844.33,2843.7,971.8,1148.0,0,362.5,361.4,4295.8,704.78,-166.2
2020-06-05 ,11:00,7899.35,2842.1,970.9,1147.0,0,362.5,361.7,3119.6,873.49,1064.2
2020-06-05 ,12:00,7992.58,2839.5,969.3,1145.0,0,363.4,361.8,3335.5,711.98,1105.6
2020-06-05 ,13:00,7956.29,2837.3,968.2,1144.0,0,363.2,361.9,3480.6,383.86,1254.6
2020-06-05 ,14:00,7733.83,2835.3,968.3,1142.0,0,363.2,361.8,2972.6,379.09,1546.9
2020-06-05 ,15:00,7666.82,2834.2,968.3,1141.0,0,363.1,361.8,3206.1,319.81,1306.7
2020-06-05 ,16:00,7600.22,2814.7,946.7,1143.0,0,363.1,361.9,4122.7,127.9,534.9
2020-06-05 ,17:00,7449.69,2798.5,931.5,1142.0,0,363.1,361.9,4584.1,67.11,-204.9
2020-06-05 ,18:00,7147.98,2798.0,931.5,1141.0,0,363.5,362.0,4303.8,46.21,-207.9
2020-06-05 ,19:00,6835.47,2797.9,931.2,1141.0,0,363.6,362.1,3829.8,0.32,207.5
2020-06-05 ,20:00,6829.34,2798.2,932.3,1140.0,0,363.7,362.2,3423.3,0.0,607.9
2020-06-05 ,21:00,7163.73,2810.5,943.6,1141.0,0,363.7,362.2,3270.5,0.0,1082.8
2020-06-05 ,22:00,7220.43,2783.4,916.5,1141.0,0,363.7,362.2,3121.5,0.0,1315.5
2020-06-05 ,23:00,7344.24,2569.0,702.6,1140.0,0,364.1,362.3,3384.5,0.0,1390.8
2020-06-06 ,00:00,7079.21,2320.8,454.3,1140.0,0,364.1,362.4,3232.2,0.0,1526.2
2020-06-06 ,01:00,6795.43,2071.3,206.8,1138.0,0,364.1,362.4,3038.4,0.0,1685.7
2020-06-06 ,02:00,6619.18,1878.9,13.4,1139.0,0,364.1,362.4,3001.4,0.0,1738.8
2020-06-06 ,03:00,6461.02,1864.2,0.0,1138.0,0,363.8,362.4,2490.0,0.0,2106.8
2020-06-06 ,04:00,6560.66,1862.8,0.0,1137.0,0,363.5,362.3,2623.1,8.07,2066.7
2020-06-06 ,05:00,6662.32,1861.8,0.0,1136.0,0,363.6,362.2,2645.3,47.4,2107.8
2020-06-06 ,06:00,6942.02,1862.4,0.0,1137.0,0,363.3,362.1,2291.5,191.04,2597.1
2020-06-06 ,07:00,7481.52,1860.4,0.0,1135.0,0,363.4,362.0,1933.4,979.26,2708.4
2020-06-06 ,08:00,7739.54,1859.4,0.0,1134.0,0,363.5,361.9,1941.6,1344.33,2594.2
2020-06-06 ,09:00,7883.6,1861.5,0.0,1136.0,0,363.5,362.0,2503.5,756.08,2762.5
2020-06-06 ,10:00,8113.53,1861.1,0.0,1136.0,0,363.3,361.8,2715.1,879.41,2657.9
2020-06-06 ,11:00,8157.79,1858.2,0.0,1133.0,0,363.4,361.8,2040.4,1273.36,2985.9
2020-06-06 ,12:00,8132.74,1856.7,0.0,1132.0,0,363.2,361.5,1687.2,1289.18,3299.7
2020-06-06 ,13:00,8070.66,1853.6,0.0,1129.0,0,363.1,361.5,2133.8,696.76,3386.5
2020-06-06 ,14:00,8013.23,1855.1,0.0,1131.0,0,362.9,361.2,1691.5,1029.6,3437.0
2020-06-06 ,15:00,7978.21,1856.8,0.0,1133.0,0,362.6,361.2,2785.2,397.29,2938.9
2020-06-06 ,16:00,7874.06,1856.8,0.0,1133.0,0,362.8,361.0,3964.2,232.48,1820.6
2020-06-06 ,17:00,7028.45,1859.8,0.0,1136.0,0,362.5,361.3,5126.4,12.87,29.4
2020-06-06 ,18:00,6143.36,1863.1,0.0,1139.0,0,362.7,361.4,4262.9,17.32,-1724.2
2020-06-06 ,19:00,5916.59,1863.2,0.0,1139.0,0,362.8,361.4,4053.4,0.0,-1650.7
2020-06-06 ,20:00,5770.74,1864.7,0.0,1140.0,0,363.1,361.6,3906.0,0.0,-2027.6
2020-06-06 ,21:00,5706.16,1865.2,0.0,1140.0,0,363.5,361.7,3841.0,0.0,-1174.2
2020-06-06 ,22:00,5500.71,1865.1,0.0,1140.0,0,363.2,361.9,3635.6,0.0,-1000.9
2020-06-06 ,23:00,5476.31,1865.3,0.0,1140.0,0,363.6,361.7,3072.8,0.0,538.2
2020-06-07 ,00:00,6088.6,1864.5,0.0,1139.0,0,363.7,361.8,2809.5,0.0,1414.6
2020-06-07 ,01:00,6601.58,1868.2,0.0,1143.0,0,363.5,361.7,3119.8,0.0,1613.6
2020-06-07 ,02:00,6598.18,1868.0,0.0,1143.0,0,363.3,361.7,3319.8,0.0,1410.4
2020-06-07 ,03:00,6523.13,1867.6,0.0,1143.0,0,362.9,361.7,3241.7,0.0,1413.8
2020-06-07 ,04:00,6494.26,1869.6,0.0,1145.0,0,362.8,361.8,3275.7,4.21,1344.8
2020-06-07 ,05:00,6493.45,1869.7,0.0,1145.0,0,362.9,361.8,3463.8,48.63,1111.3
2020-06-07 ,06:00,6521.76,1869.4,0.0,1145.0,0,362.7,361.7,3285.3,124.01,1243.1
2020-06-07 ,07:00,6785.31,1867.7,0.0,1143.0,0,362.9,361.8,3658.7,207.45,1051.5
2020-06-07 ,08:00,7063.78,1867.7,0.0,1143.0,0,363.0,361.7,3897.2,373.13,925.7
2020-06-07 ,09:00,7257.68,1865.8,0.0,1141.0,0,363.0,361.8,4318.5,302.81,770.6
2020-06-07 ,10:00,7561.8,1864.7,0.0,1140.0,0,363.0,361.7,4850.4,735.18,111.5
2020-06-07 ,11:00,7382.26,1863.5,0.0,1139.0,0,363.0,361.5,4337.5,840.71,340.6
2020-06-07 ,12:00,7379.41,1864.6,0.0,1140.0,0,363.1,361.5,4946.6,484.9,83.3
2020-06-07 ,13:00,7105.6,1862.7,0.0,1138.0,0,363.2,361.5,4930.2,312.66,-148.2
2020-06-07 ,14:00,6982.4,1861.8,0.0,1137.0,0,363.3,361.5,4071.6,880.6,168.4
2020-06-07 ,15:00,7057.46,1861.6,0.0,1137.0,0,363.2,361.4,4353.9,634.18,207.7
2020-06-07 ,16:00,7157.72,1860.4,0.0,1136.0,0,362.8,361.6,4841.3,455.98,-2166.6
2020-06-07 ,17:00,6348.37,1861.0,0.0,1137.0,0,362.7,361.3,4377.3,110.02,-2380.8
2020-06-07 ,18:00,6151.46,1861.3,0.0,1137.0,0,362.8,361.5,4250.7,39.42,-2475.5
2020-06-07 ,19:00,5950.2,1861.5,0.0,1137.0,0,362.9,361.6,4088.7,0.0,-2939.3
2020-06-07 ,20:00,5750.05,1864.0,0.0,1139.0,0,363.3,361.7,3886.0,0.0,-3275.5
2020-06-07 ,21:00,5736.71,1864.2,0.0,1139.0,0,363.4,361.8,3872.5,0.0,-2685.7
2020-06-07 ,22:00,5428.19,1866.1,0.0,1141.0,0,363.3,361.8,3562.1,0.0,-1652.8
2020-06-07 ,23:00,5811.99,1865.7,0.0,1140.0,0,363.6,362.1,3946.3,0.0,-462.2
2020-06-08 ,00:00,6527.65,1867.5,0.0,1142.0,0,363.5,362.0,4660.2,0.0,-343.1
2020-06-08 ,01:00,6528.96,1867.5,0.0,1142.0,0,363.5,362.0,4336.5,0.0,325.0
2020-06-08 ,02:00,6587.24,1867.4,0.0,1142.0,0,363.4,362.0,4271.7,0.0,448.2
2020-06-08 ,03:00,6517.22,1867.2,0.0,1142.0,0,363.0,362.2,4463.3,0.0,186.7
2020-06-08 ,04:00,6673.29,1866.2,0.0,1142.0,0,362.4,361.8,4793.7,13.43,-1477.8
2020-06-08 ,05:00,6342.89,1866.5,0.0,1142.0,0,362.6,361.9,4386.9,89.48,-3248.9
2020-06-08 ,06:00,6813.68,1864.2,0.0,1140.0,0,362.4,361.8,4643.1,306.38,-3892.5
2020-06-08 ,07:00,7231.54,1862.0,0.0,1137.0,0,363.1,361.9,4763.4,606.17,-4049.0
2020-06-08 ,08:00,7284.25,1859.1,0.0,1134.0,0,363.3,361.8,4474.2,950.93,-3665.2
2020-06-08 ,09:00,7391.12,1857.0,0.0,1132.0,0,363.3,361.7,4702.4,831.73,-3785.8
2020-06-08 ,10:00,7682.84,1854.9,0.0,1130.0,0,363.3,361.6,4365.7,1462.29,-4079.3
2020-06-08 ,11:00,7283.29,1854.6,0.0,1130.0,0,363.1,361.5,4368.3,1060.36,-3567.6
2020-06-08 ,12:00,7206.49,1851.8,0.0,1127.0,0,363.3,361.5,4904.1,450.61,-3146.5
2020-06-08 ,13:00,7064.04,1849.6,0.0,1125.0,0,363.2,361.4,4407.7,806.7,-2625.4
2020-06-08 ,14:00,7051.49,1852.5,0.0,1128.0,0,363.3,361.2,4324.6,874.36,-1366.6
2020-06-08 ,15:00,6996.47,1852.4,0.0,1128.0,0,363.2,361.2,4720.0,424.11,-1795.7
2020-06-08 ,16:00,6961.48,1851.3,0.0,1127.0,0,363.0,361.3,4892.6,217.58,-2478.1
2020-06-08 ,17:00,7039.93,1851.4,0.0,1127.0,0,363.1,361.3,5123.8,64.73,-4478.5
2020-06-08 ,18:00,6820.38,1852.5,0.0,1128.0,0,363.0,361.5,4947.3,20.62,-2887.7
2020-06-08 ,19:00,6557.86,1853.6,0.0,1129.0,0,363.3,361.3,4704.3,0.0,-2468.9
2020-06-08 ,20:00,6383.79,1855.9,0.0,1131.0,0,363.3,361.6,4527.9,0.0,-2661.2
2020-06-08 ,21:00,6210.79,1857.9,0.0,1133.0,0,363.5,361.4,4352.9,0.0,-1565.4
2020-06-08 ,22:00,5810.14,1858.0,0.0,1133.0,0,363.5,361.5,3952.1,0.0,-881.8
2020-06-08 ,23:00,5643.81,1858.3,0.0,1133.0,0,363.6,361.7,3769.6,0.0,16.0
2020-06-09 ,00:00,6057.54,1858.3,0.0,1133.0,0,363.6,361.7,3432.9,0.0,766.3
2020-06-09 ,01:00,6502.63,1859.0,0.0,1134.0,0,363.5,361.5,4055.1,0.0,588.5
2020-06-09 ,02:00,6228.54,1859.0,0.0,1134.0,0,363.3,361.7,4031.3,0.0,338.2
2020-06-09 ,03:00,6037.27,1856.4,0.0,1132.0,0,362.9,361.5,4180.9,0.0,-168.5
2020-06-09 ,04:00,5826.85,1856.6,0.0,1133.0,0,362.3,361.3,3962.8,7.47,-1678.3
2020-06-09 ,05:00,6279.36,1856.1,0.0,1133.0,0,362.2,360.9,4382.7,40.57,-3408.9
2020-06-09 ,06:00,7117.61,1857.2,0.0,1132.0,0,362.5,362.7,5101.9,158.53,-3446.0
2020-06-09 ,07:00,7721.87,1858.0,0.0,1131.0,0,362.5,364.5,5641.2,222.62,-3999.4
2020-06-09 ,08:00,7700.11,1856.8,0.0,1132.0,0,362.6,362.2,5549.2,294.14,-3960.4
2020-06-09 ,09:00,7921.91,1855.0,0.0,1131.0,0,362.7,361.3,5452.4,614.47,-3558.5
2020-06-09 ,10:00,8218.87,1855.3,0.0,1131.0,0,362.8,361.5,5837.3,526.3,-3539.2
2020-06-09 ,11:00,7791.77,1854.4,0.0,1130.0,0,362.8,361.6,5229.0,708.36,-2743.6
2020-06-09 ,12:00,7697.95,1853.8,0.0,1129.0,0,363.1,361.7,5264.5,579.63,-1713.9
2020-06-09 ,13:00,7470.16,1854.6,0.0,1129.0,0,363.6,362.0,5295.7,319.81,-1011.5
2020-06-09 ,14:00,7265.85,1852.2,0.0,1127.0,0,363.4,361.8,5004.4,409.21,-1139.1
2020-06-09 ,15:00,7163.99,1852.1,0.0,1127.0,0,363.3,361.8,5092.2,219.68,-2145.4
2020-06-09 ,16:00,7054.43,1852.3,0.0,1127.0,0,363.4,361.9,4996.8,205.38,-3485.0
2020-06-09 ,17:00,7141.06,1851.1,0.0,1126.0,0,363.3,361.8,5127.5,162.43,-4881.5
2020-06-09 ,18:00,6908.36,1853.5,0.0,1128.0,0,363.5,362.0,4982.4,72.43,-4292.6
2020-06-09 ,19:00,6591.51,1852.5,0.0,1127.0,0,363.6,361.9,4727.0,11.96,-3939.4
2020-06-09 ,20:00,6427.28,1852.7,0.0,1127.0,0,363.7,362.0,4574.6,0.0,-3914.0
2020-06-09 ,21:00,6294.36,1854.3,0.0,1128.0,0,364.2,362.1,4440.1,0.0,-1810.8
2020-06-09 ,22:00,5889.74,1854.0,0.0,1128.0,0,364.1,361.9,4035.7,0.0,-326.5
2020-06-09 ,23:00,5914.91,1854.5,0.0,1128.0,0,364.3,362.2,3396.0,0.0,664.5
2020-06-10 ,00:00,6711.67,1854.6,0.0,1128.0,0,364.4,362.2,3839.7,0.0,1017.3
2020-06-10 ,01:00,6802.06,1854.8,0.0,1128.0,0,364.4,362.4,3360.8,0.0,1586.5
2020-06-10 ,02:00,7086.6,1854.8,0.0,1128.0,0,364.3,362.5,4019.4,0.0,1212.4
2020-06-10 ,03:00,6887.93,1854.3,0.0,1128.0,0,363.9,362.4,4481.0,0.0,552.6
2020-06-10 ,04:00,6650.2,1854.4,0.0,1129.0,0,363.2,362.2,4788.6,7.19,-1240.3
2020-06-10 ,05:00,6272.77,1853.4,0.0,1128.0,0,363.3,362.1,4367.8,51.57,-3513.6
2020-06-10 ,06:00,6988.76,1852.7,0.0,1127.0,0,363.4,362.3,4997.2,138.91,-4457.9
2020-06-10 ,07:00,7499.21,1850.9,0.0,1125.0,0,363.6,362.3,5496.0,152.3,-4691.0
2020-06-10 ,08:00,7632.29,1849.3,0.0,1123.0,0,363.9,362.4,5513.0,270.03,-4275.6
2020-06-10 ,09:00,7816.65,1849.2,0.0,1123.0,0,363.8,362.4,5537.7,429.75,-3829.7
2020-06-10 ,10:00,8100.58,1848.5,0.0,1122.0,0,364.0,362.5,4850.2,1401.86,-4080.4
2020-06-10 ,11:00,7680.88,1847.5,0.0,1121.0,0,364.0,362.5,4311.2,1522.21,-3886.6
2020-06-10 ,12:00,7553.77,1845.9,0.0,1119.0,0,364.3,362.6,4299.2,1408.65,-3995.7
2020-06-10 ,13:00,7360.06,1846.1,0.0,1119.0,0,364.5,362.6,4881.9,632.11,-2946.0
2020-06-10 ,14:00,7097.68,1846.6,0.0,1119.0,0,364.7,362.9,4393.7,857.36,-2375.7
2020-06-10 ,15:00,6990.87,1845.7,0.0,1118.0,0,364.8,362.9,4115.2,1029.96,-3166.2
2020-06-10 ,16:00,6941.33,1849.9,0.0,1122.0,0,364.7,363.2,4805.3,286.16,-4477.6
2020-06-10 ,17:00,7019.96,1850.4,0.0,1122.0,0,364.9,363.5,4946.9,222.62,-4655.2
2020-06-10 ,18:00,6818.18,1852.0,0.0,1123.0,0,365.2,363.8,4931.9,34.29,-4712.8
2020-06-10 ,19:00,6551.43,1851.4,0.0,1122.0,0,365.5,363.9,4699.1,0.91,-4156.6
2020-06-10 ,20:00,6336.96,1852.4,0.0,1123.0,0,365.5,363.9,4484.6,0.0,-4405.6
2020-06-10 ,21:00,6192.94,1851.5,0.0,1122.0,0,365.7,363.8,4341.4,0.0,-2535.5
2020-06-10 ,22:00,5869.23,1852.3,0.0,1123.0,0,365.6,363.7,4016.9,0.0,-1301.8
2020-06-10 ,23:00,5828.14,1853.7,0.0,1124.0,0,365.9,363.8,3372.4,0.0,602.0
2020-06-11 ,00:00,6589.44,1852.7,0.0,1123.0,0,365.8,363.9,3241.3,0.0,1495.4
2020-06-11 ,01:00,7184.17,1852.3,0.0,1123.0,0,365.6,363.7,3899.5,0.0,1432.4
2020-06-11 ,02:00,6937.84,1851.4,0.0,1122.0,0,365.6,363.8,3749.6,0.0,1336.8
2020-06-11 ,03:00,6804.33,1852.2,0.0,1123.0,0,365.3,363.9,3293.8,0.0,1658.4
2020-06-11 ,04:00,7064.55,1851.1,0.0,1123.0,0,364.6,363.5,3706.2,22.37,1484.9
2020-06-11 ,05:00,7471.05,1851.2,0.0,1123.0,0,364.8,363.4,5423.7,196.12,-464.2
2020-06-11 ,06:00,6721.91,1851.8,0.0,1123.0,0,365.2,363.6,4437.1,433.01,-2098.4
2020-06-11 ,07:00,6688.63,1850.5,0.0,1122.0,0,365.1,363.4,3842.2,995.95,-2288.6
2020-06-11 ,08:00,6808.33,1848.6,0.0,1120.0,0,365.2,363.4,4077.9,881.83,-1095.2
2020-06-11 ,09:00,7021.64,1846.2,0.0,1118.0,0,365.0,363.2,3675.2,1500.2,-721.9
2020-06-11 ,10:00,7319.45,1845.6,0.0,1117.0,0,365.3,363.3,4219.5,1254.33,-1200.3
2020-06-11 ,11:00,6869.33,1840.9,0.0,1113.0,0,364.9,363.0,3154.8,1429.83,443.8
2020-06-11 ,12:00,7558.72,1837.5,0.0,1110.0,0,364.8,362.7,2968.3,1640.78,1112.2
2020-06-11 ,13:00,7776.02,1835.1,0.0,1108.0,0,364.6,362.5,2924.5,1695.96,1320.5
2020-06-11 ,14:00,7846.27,1834.8,0.0,1108.0,0,364.5,362.3,3256.8,1277.85,1476.8
2020-06-11 ,15:00,7796.37,1832.6,0.0,1106.0,0,364.4,362.2,4380.2,729.54,854.0
2020-06-11 ,16:00,7465.34,1832.6,0.0,1106.0,0,364.4,362.2,5141.0,491.7,-635.4
2020-06-11 ,17:00,6583.1,1832.1,0.0,1106.0,0,364.2,361.9,4542.1,208.92,-2131.1
2020-06-11 ,18:00,6257.18,1833.7,0.0,1107.0,0,364.5,362.2,4362.3,61.15,-1824.3
2020-06-11 ,19:00,6099.24,1834.2,0.0,1108.0,0,364.2,362.0,4265.0,0.0,-955.1
2020-06-11 ,20:00,6254.87,1837.5,0.0,1111.0,0,364.4,362.1,4417.4,0.0,-902.0
2020-06-11 ,21:00,6318.76,1838.2,0.0,1112.0,0,364.2,362.0,4480.6,0.0,-227.6
2020-06-11 ,22:00,6129.79,1841.7,0.0,1116.0,0,363.9,361.8,2686.2,0.0,1601.9
2020-06-11 ,23:00,6913.29,1842.1,0.0,1116.0,0,364.2,361.9,3160.7,0.0,1910.5
2020-06-12 ,00:00,6902.52,1843.9,0.0,1118.0,0,364.1,361.8,2925.2,0.0,2133.5
2020-06-12 ,01:00,6879.23,1846.7,0.0,1121.0,0,364.0,361.7,3295.6,0.0,1737.0
2020-06-12 ,02:00,6577.2,1847.1,0.0,1121.0,0,364.1,362.0,2751.6,0.0,1978.5
2020-06-12 ,03:00,6584.47,1847.8,0.0,1122.0,0,363.8,362.0,2555.5,4.49,2176.7
2020-06-12 ,04:00,6811.36,1849.3,0.0,1124.0,0,363.5,361.8,3609.2,89.44,1263.5
2020-06-12 ,05:00,7057.23,1847.7,0.0,1122.0,0,363.8,361.9,4944.9,264.66,-702.3
2020-06-12 ,06:00,6657.15,1841.8,0.0,1116.0,0,363.8,362.0,4341.2,474.13,-1842.0
2020-06-12 ,07:00,6879.08,1837.9,0.0,1112.0,0,364.0,361.9,4092.3,948.86,-1576.4
2020-06-12 ,08:00,6872.47,1834.0,0.0,1108.0,0,364.1,361.9,3779.7,1258.78,-1106.8
2020-06-12 ,09:00,7149.16,1828.5,0.0,1103.0,0,363.9,361.6,3812.8,1507.91,-917.2
2020-06-12 ,10:00,7342.19,1823.1,0.0,1098.0,0,363.7,361.4,3750.9,1647.97,120.3
2020-06-12 ,11:00,7912.38,1818.7,0.0,1093.0,0,364.0,361.7,3675.8,1632.51,785.4
2020-06-12 ,12:00,8005.72,1815.8,0.0,1091.0,0,363.6,361.2,3239.0,1677.49,1273.4
2020-06-12 ,13:00,8005.86,1809.1,0.0,1085.0,0,363.1,361.0,3203.6,1530.87,1462.3
2020-06-12 ,14:00,7950.17,1806.5,0.0,1083.0,0,363.0,360.5,3462.2,1342.82,1338.7
2020-06-12 ,15:00,7705.86,1803.8,0.0,1081.0,0,362.7,360.1,4650.6,1063.3,188.2
2020-06-12 ,16:00,7155.99,1803.8,0.0,1081.0,0,362.6,360.2,4760.0,592.14,-1470.1
2020-06-12 ,17:00,6527.15,1803.6,0.0,1081.0,0,362.6,360.0,4434.7,288.82,-2343.8
2020-06-12 ,18:00,6172.08,1811.1,0.0,1088.0,0,362.8,360.3,4271.3,89.72,-2076.3
2020-06-12 ,19:00,5952.94,1812.4,0.0,1089.0,0,363.0,360.4,4131.9,8.66,-1825.5
2020-06-12 ,20:00,5876.96,1820.1,0.0,1097.0,0,362.9,360.2,4056.9,0.0,-1725.2
2020-06-12 ,21:00,6055.15,1823.8,0.0,1101.0,0,362.7,360.1,4231.3,0.0,-707.9
2020-06-12 ,22:00,5973.37,1826.5,0.0,1104.0,0,362.5,360.0,3648.8,0.0,498.1
2020-06-12 ,23:00,6739.74,1828.7,0.0,1106.0,0,362.7,360.0,3578.1,0.0,1333.0
2020-06-13 ,00:00,6727.21,1831.9,0.0,1109.0,0,362.9,360.0,3314.6,0.0,1580.7
2020-06-13 ,01:00,6747.74,1832.1,0.0,1109.0,0,362.9,360.2,3573.9,0.0,1341.7
2020-06-13 ,02:00,6517.69,1834.3,0.0,1111.0,0,363.0,360.3,3697.8,0.0,985.6
2020-06-13 ,03:00,6194.96,1833.1,0.0,1110.0,0,362.8,360.3,3342.8,0.0,1019.1
2020-06-13 ,04:00,6196.47,1833.1,0.0,1110.0,0,362.8,360.3,3409.0,50.38,904.0
2020-06-13 ,05:00,6306.71,1833.2,0.0,1110.0,0,362.9,360.3,3931.0,212.21,330.3
2020-06-13 ,06:00,6225.99,1832.0,0.0,1109.0,0,362.7,360.3,4141.2,252.78,-260.6
2020-06-13 ,07:00,6331.3,1830.4,0.0,1107.0,0,362.9,360.5,3983.2,517.68,-194.1
2020-06-13 ,08:00,6624.29,1828.2,0.0,1105.0,0,362.9,360.3,3614.5,1181.58,-163.9
2020-06-13 ,09:00,6719.79,1824.5,0.0,1101.0,0,362.9,360.6,3262.5,1492.41,140.4
2020-06-13 ,10:00,7012.58,1817.7,0.0,1095.0,0,362.5,360.2,3522.2,1672.68,-281.9
2020-06-13 ,11:00,6924.57,1813.6,0.0,1091.0,0,362.6,360.0,3403.7,1707.29,-177.1
2020-06-13 ,12:00,6890.35,1813.0,0.0,1091.0,0,362.4,359.6,3385.2,1468.29,223.9
2020-06-13 ,13:00,6868.12,1809.5,0.0,1088.0,0,362.2,359.3,4183.3,476.84,398.4
2020-06-13 ,14:00,6695.99,1809.2,0.0,1088.0,0,361.9,359.3,4385.3,2.42,499.1
2020-06-13 ,15:00,6787.1,1812.0,0.0,1091.0,0,361.8,359.2,4031.3,65.6,878.2
2020-06-13 ,16:00,6892.0,1823.2,0.0,1102.0,0,361.9,359.3,5003.2,65.56,-160.8
2020-06-13 ,17:00,6562.96,1830.1,0.0,1109.0,0,361.8,359.3,4687.5,45.34,-1481.6
2020-06-13 ,18:00,6177.55,1832.7,0.0,1111.0,0,362.1,359.6,4287.6,57.26,-1927.7
2020-06-13 ,19:00,5957.87,1832.8,0.0,1111.0,0,362.1,359.7,4123.6,1.51,-1676.8
2020-06-13 ,20:00,5859.58,1835.9,0.0,1114.0,0,362.4,359.5,4023.7,0.0,-1522.4
2020-06-13 ,21:00,5870.94,1833.9,0.0,1112.0,0,362.4,359.5,4037.0,0.0,-1806.3
2020-06-13 ,22:00,5658.56,1831.2,0.0,1109.0,0,362.4,359.8,3827.4,0.0,-447.3
2020-06-13 ,23:00,6054.12,1831.0,0.0,1109.0,0,362.3,359.7,4208.1,0.0,15.0
2020-06-14 ,00:00,6098.33,1831.2,0.0,1109.0,0,362.5,359.7,3930.9,0.0,336.2
2020-06-14 ,01:00,6130.61,1831.2,0.0,1109.0,0,362.4,359.8,3967.9,0.0,331.5
2020-06-14 ,02:00,6032.56,1830.5,0.0,1108.0,0,362.6,359.9,3993.6,0.0,208.5
2020-06-14 ,03:00,5806.01,1830.7,0.0,1108.0,0,362.7,360.0,3975.3,0.0,-132.5
2020-06-14 ,04:00,5645.01,1830.1,0.0,1107.0,0,362.8,360.3,3813.7,1.19,-167.2
2020-06-14 ,05:00,5630.53,1831.6,0.0,1108.0,0,363.0,360.6,3777.1,21.81,-261.3
2020-06-14 ,06:00,5751.71,1829.9,0.0,1106.0,0,363.2,360.7,3847.8,73.98,-18.4
2020-06-14 ,07:00,6045.31,1829.0,0.0,1105.0,0,363.1,360.9,4125.1,91.23,-398.2
2020-06-14 ,08:00,6001.13,1829.2,0.0,1105.0,0,363.2,361.0,3873.0,298.95,-1508.4
2020-06-14 ,09:00,5713.1,1827.2,0.0,1103.0,0,363.2,361.0,3547.9,337.97,-1566.4
2020-06-14 ,10:00,6214.28,1828.4,0.0,1104.0,0,363.3,361.1,3888.8,497.1,-1827.2
2020-06-14 ,11:00,6031.55,1826.6,0.0,1102.0,0,363.5,361.1,3695.9,509.02,-607.4
2020-06-14 ,12:00,6060.21,1825.7,0.0,1101.0,0,363.4,361.3,3648.0,586.5,-131.1
2020-06-14 ,13:00,6201.53,1824.0,0.0,1099.0,0,363.7,361.3,3470.7,906.87,-33.9
2020-06-14 ,14:00,6229.29,1823.0,0.0,1098.0,0,363.7,361.3,3125.5,899.36,381.4
2020-06-14 ,15:00,6511.27,1822.7,0.0,1098.0,0,363.5,361.2,4136.3,552.25,-252.6
2020-06-14 ,16:00,6080.75,1820.6,0.0,1096.0,0,363.4,361.2,3927.3,332.88,-1552.2
2020-06-14 ,17:00,5735.42,1822.9,0.0,1098.0,0,363.7,361.2,3455.0,457.49,-2390.7
2020-06-14 ,18:00,5676.25,1823.1,0.0,1098.0,0,363.7,361.4,3615.3,237.84,-3114.5
2020-06-14 ,19:00,5506.75,1823.0,0.0,1098.0,0,364.0,361.0,3656.6,27.14,-2630.4
2020-06-14 ,20:00,5423.54,1825.7,0.0,1101.0,0,364.4,360.3,3597.8,0.0,-3781.5
2020-06-14 ,21:00,5435.96,1827.1,0.0,1102.0,0,364.6,360.5,3608.9,0.0,-2887.6
2020-06-14 ,22:00,5170.8,1828.9,0.0,1104.0,0,364.6,360.3,3341.9,0.0,-1502.5
2020-06-14 ,23:00,5272.33,1831.5,0.0,1106.0,0,364.7,360.8,3440.8,0.0,-221.3
2020-06-15 ,00:00,5457.24,1832.5,0.0,1107.0,0,364.8,360.7,3404.0,0.0,220.7
2020-06-15 ,01:00,5737.06,1833.5,0.0,1108.0,0,364.8,360.7,3116.5,0.0,787.0
2020-06-15 ,02:00,6123.91,1834.2,0.0,1109.0,0,364.7,360.5,3432.1,0.0,857.6
2020-06-15 ,03:00,6070.14,1834.7,0.0,1110.0,0,364.6,360.1,3958.7,0.0,276.7
2020-06-15 ,04:00,6034.04,1835.4,0.0,1111.0,0,364.4,360.0,4160.2,38.46,-2437.1
2020-06-15 ,05:00,5765.31,1834.1,0.0,1110.0,0,364.3,359.8,3738.1,193.14,-4760.5
2020-06-15 ,06:00,6546.49,1830.5,0.0,1106.0,0,364.2,360.3,4392.0,323.94,-4796.0
2020-06-15 ,07:00,7017.28,1826.5,0.0,1102.0,0,364.4,360.1,4544.6,646.14,-5222.8
2020-06-15 ,08:00,7134.85,1823.5,0.0,1099.0,0,364.3,360.2,4605.7,705.66,-5026.0
2020-06-15 ,09:00,7318.06,1821.3,0.0,1097.0,0,364.1,360.2,5009.5,487.29,-4320.8
2020-06-15 ,10:00,7594.13,1820.9,0.0,1097.0,0,363.9,360.0,4958.2,815.04,-4830.1
2020-06-15 ,11:00,7193.2,1819.3,0.0,1096.0,0,363.7,359.6,4682.8,691.12,-4153.0
2020-06-15 ,12:00,7185.99,1818.1,0.0,1095.0,0,363.5,359.6,4928.3,439.57,-3618.6
2020-06-15 ,13:00,7010.31,1815.9,0.0,1093.0,0,363.4,359.5,4819.2,375.24,-2931.2
2020-06-15 ,14:00,6879.43,1811.8,0.0,1089.0,0,363.3,359.5,4707.0,360.66,-2475.8
2020-06-15 ,15:00,6774.94,1815.5,0.0,1093.0,0,363.3,359.2,4402.7,556.7,-4023.2
2020-06-15 ,16:00,6711.2,1814.6,0.0,1092.0,0,363.3,359.3,4618.8,277.81,-5227.6
2020-06-15 ,17:00,6807.52,1814.1,0.0,1091.0,0,363.6,359.5,4760.4,233.07,-5693.5
2020-06-15 ,18:00,6568.37,1815.0,0.0,1092.0,0,363.6,359.4,4675.0,78.39,-5792.1
2020-06-15 ,19:00,6281.23,1816.4,0.0,1093.0,0,363.8,359.6,4447.5,17.32,-5386.7
2020-06-15 ,20:00,6145.98,1817.6,0.0,1094.0,0,363.9,359.7,4328.4,0.0,-5373.3
2020-06-15 ,21:00,6049.91,1818.5,0.0,1095.0,0,363.8,359.7,4231.4,0.0,-5243.7
2020-06-15 ,22:00,5687.7,1821.5,0.0,1098.0,0,363.9,359.6,3866.2,0.0,-3149.0
2020-06-15 ,23:00,5304.01,1824.7,0.0,1101.0,0,363.8,359.9,3479.3,0.0,-2356.4
2020-06-16 ,00:00,5349.39,1824.9,0.0,1101.0,0,364.1,359.8,3524.5,0.0,-1375.8
2020-06-16 ,01:00,5267.0,1826.9,0.0,1103.0,0,363.9,360.0,3440.1,0.0,-1028.3
2020-06-16 ,02:00,5309.38,1828.1,0.0,1104.0,0,364.1,360.0,3481.3,0.0,-670.8
2020-06-16 ,03:00,5255.7,1827.5,0.0,1104.0,0,364.0,359.5,3428.2,0.0,-1475.4
2020-06-16 ,04:00,5198.58,1826.1,0.0,1103.0,0,363.8,359.3,3312.8,59.64,-3106.6
2020-06-16 ,05:00,5884.85,1826.0,0.0,1103.0,0,363.6,359.4,3824.3,234.58,-4944.9
2020-06-16 ,06:00,6678.72,1828.7,0.0,1103.0,0,366.2,359.5,4180.1,669.94,-5263.2
2020-06-16 ,07:00,7071.8,1824.2,0.0,1098.0,0,366.7,359.5,4586.3,661.28,-5292.6
2020-06-16 ,08:00,7118.54,1819.0,0.0,1096.0,0,363.4,359.6,4425.8,873.77,-5303.2
2020-06-16 ,09:00,7283.92,1815.1,0.0,1092.0,0,363.5,359.6,3916.2,1552.61,-4952.8
2020-06-16 ,10:00,7709.5,1812.8,0.0,1090.0,0,363.4,359.4,4480.0,1416.72,-4835.9
2020-06-16 ,11:00,7227.74,1816.6,0.0,1094.0,0,363.4,359.2,4790.0,621.11,-3747.4
2020-06-16 ,12:00,7147.98,1817.8,0.0,1095.0,0,363.5,359.3,4238.5,1091.63,-3583.0
2020-06-16 ,13:00,6970.2,1816.2,0.0,1093.0,0,363.6,359.6,4086.5,1067.47,-2779.5
2020-06-16 ,14:00,6839.09,1812.9,0.0,1090.0,0,363.5,359.4,4384.6,641.61,-2470.1
2020-06-16 ,15:00,6684.98,1810.3,0.0,1088.0,0,363.2,359.1,4031.3,843.37,-3832.5
2020-06-16 ,16:00,6604.56,1809.8,0.0,1088.0,0,363.1,358.7,4217.5,577.28,-5561.6
2020-06-16 ,17:00,6665.52,1809.7,0.0,1088.0,0,363.1,358.6,4695.7,160.08,-5983.3
2020-06-16 ,18:00,6446.84,1811.4,0.0,1089.0,0,363.3,359.1,4598.8,36.67,-5710.8
2020-06-16 ,19:00,6209.32,1813.3,0.0,1091.0,0,363.4,358.9,4390.6,5.4,-4918.8
2020-06-16 ,20:00,6101.85,1813.5,0.0,1091.0,0,363.3,359.2,4288.4,0.0,-4643.6
2020-06-16 ,21:00,6097.73,1815.5,0.0,1093.0,0,363.3,359.2,4282.2,0.0,-3535.2
2020-06-16 ,22:00,5672.56,1819.2,0.0,1097.0,0,363.1,359.1,3853.4,0.0,-2986.7
2020-06-16 ,23:00,5375.93,1820.4,0.0,1098.0,0,363.3,359.1,3555.5,0.0,-1814.5
2020-06-17 ,00:00,5307.99,1821.4,0.0,1099.0,0,363.2,359.2,3486.6,0.0,-1070.4
2020-06-17 ,01:00,5242.85,1821.5,0.0,1099.0,0,363.4,359.1,3421.4,0.0,-919.7
2020-06-17 ,02:00,5147.1,1822.2,0.0,1100.0,0,363.2,359.0,3324.9,0.0,-937.0
2020-06-17 ,03:00,4982.49,1823.1,0.0,1101.0,0,363.4,358.7,3159.4,0.0,-1139.2
2020-06-17 ,04:00,5223.43,1821.8,0.0,1100.0,0,363.1,358.7,3401.3,0.32,-1752.8
2020-06-17 ,05:00,6010.75,1821.9,0.0,1100.0,0,363.3,358.6,4166.4,22.41,-3688.2
2020-06-17 ,06:00,6883.37,1819.2,0.0,1097.0,0,363.3,358.9,5006.3,57.85,-4053.2
2020-06-17 ,07:00,7450.89,1817.9,0.0,1096.0,0,363.2,358.7,5508.1,124.92,-4628.8
2020-06-17 ,08:00,7676.16,1818.9,0.0,1097.0,0,363.2,358.7,5636.7,220.56,-3529.7
2020-06-17 ,09:00,7874.89,1819.3,0.0,1097.0,0,363.4,358.9,5633.3,422.28,-2639.9
2020-06-17 ,10:00,8136.99,1819.4,0.0,1097.0,0,363.5,358.9,5631.0,686.63,-2227.9
2020-06-17 ,11:00,7631.82,1819.5,0.0,1097.0,0,363.7,358.8,4720.7,1091.63,-2215.1
2020-06-17 ,12:00,7459.45,1818.9,0.0,1096.0,0,363.7,359.2,4806.4,834.16,-1998.4
2020-06-17 ,13:00,7220.85,1817.7,0.0,1095.0,0,363.6,359.1,4766.9,636.24,-1541.2
2020-06-17 ,14:00,7045.81,1815.4,0.0,1093.0,0,363.4,359.0,4688.3,542.12,-1833.5
2020-06-17 ,15:00,6906.35,1815.6,0.0,1093.0,0,363.4,359.2,4534.4,556.38,-2510.5
2020-06-17 ,16:00,6819.05,1814.2,0.0,1092.0,0,363.4,358.8,4487.5,517.36,-3309.5
2020-06-17 ,17:00,6987.11,1815.3,0.0,1093.0,0,363.5,358.8,4846.9,324.9,-4187.3
2020-06-17 ,18:00,6691.11,1814.6,0.0,1092.0,0,363.6,359.0,4805.0,71.56,-4144.4
2020-06-17 ,19:00,6438.87,1815.9,0.0,1093.0,0,363.7,359.2,4615.5,7.51,-3858.4
2020-06-17 ,20:00,6285.39,1818.1,0.0,1095.0,0,363.8,359.3,4467.3,0.0,-3341.4
2020-06-17 ,21:00,6205.1,1821.0,0.0,1098.0,0,363.8,359.2,4384.1,0.0,-1459.8
2020-06-17 ,22:00,5918.38,1822.0,0.0,1099.0,0,363.9,359.1,4096.4,0.0,-87.6
2020-06-17 ,23:00,6138.91,1826.6,0.0,1103.0,0,364.0,359.6,3702.7,0.0,609.6
2020-06-18 ,00:00,6617.13,1827.8,0.0,1104.0,0,364.1,359.7,3590.1,0.0,1199.2
2020-06-18 ,01:00,6684.97,1827.7,0.0,1104.0,0,364.0,359.7,3561.8,0.0,1295.4
2020-06-18 ,02:00,6656.35,1828.0,0.0,1104.0,0,364.2,359.8,3688.0,0.0,1140.4
2020-06-18 ,03:00,6490.93,1826.7,0.0,1103.0,0,364.3,359.4,3437.3,0.0,1226.9
2020-06-18 ,04:00,6640.14,1827.4,0.0,1104.0,0,364.3,359.1,4517.8,28.09,266.8
2020-06-18 ,05:00,6609.28,1826.0,0.0,1102.0,0,364.4,359.6,4617.6,165.73,-3057.5
2020-06-18 ,06:00,6789.95,1825.7,0.0,1101.0,0,364.6,360.1,4624.8,339.48,-4574.7
2020-06-18 ,07:00,7133.66,1824.7,0.0,1100.0,0,364.6,360.1,4306.8,1002.19,-4744.6
2020-06-18 ,08:00,7179.82,1819.9,0.0,1095.0,0,364.5,360.4,4096.0,1263.87,-3666.6
2020-06-18 ,09:00,7321.44,1813.6,0.0,1089.0,0,364.4,360.2,4066.1,1441.75,-3212.0
2020-06-18 ,10:00,7574.63,1811.0,0.0,1086.0,0,364.6,360.4,4132.1,1631.56,-2713.7
2020-06-18 ,11:00,7129.3,1804.6,0.0,1084.0,0,360.4,360.2,3588.5,1736.17,-1945.2
2020-06-18 ,12:00,7040.25,1807.2,0.0,1084.0,0,363.1,360.1,3525.5,1707.57,-1608.9
2020-06-18 ,13:00,6896.64,1804.1,0.0,1081.0,0,363.2,359.9,3380.8,1711.74,-757.2
2020-06-18 ,14:00,7046.86,1802.4,0.0,1080.0,0,362.8,359.6,4667.2,577.28,-847.0
2020-06-18 ,15:00,7091.08,1804.1,0.0,1081.0,0,363.6,359.5,4498.4,788.58,-2694.5
2020-06-18 ,16:00,6887.35,1808.1,0.0,1085.0,0,363.9,359.2,4704.4,374.88,-4454.9
2020-06-18 ,17:00,6945.08,1810.6,0.0,1088.0,0,363.6,359.0,4981.3,153.21,-5387.4
2020-06-18 ,18:00,6759.46,1811.8,0.0,1089.0,0,363.7,359.1,4855.8,91.82,-5409.1
2020-06-18 ,19:00,6420.62,1813.1,0.0,1090.0,0,363.9,359.2,4589.9,17.64,-5199.1
2020-06-18 ,20:00,6227.22,1814.7,0.0,1092.0,0,363.5,359.2,4412.5,0.0,-4610.3
2020-06-18 ,21:00,6154.48,1814.8,0.0,1092.0,0,363.6,359.2,4339.7,0.0,-3342.0
2020-06-18 ,22:00,5710.29,1816.6,0.0,1094.0,0,363.6,359.0,3893.7,0.0,-2179.0
2020-06-18 ,23:00,5478.37,1816.9,0.0,1094.0,0,363.7,359.2,3661.5,0.0,-651.6
2020-06-19 ,00:00,5837.64,1819.9,0.0,1097.0,0,363.6,359.3,4017.7,0.0,-13.7
2020-06-19 ,01:00,6250.86,1818.6,0.0,1096.0,0,363.5,359.1,3976.5,0.0,455.8
2020-06-19 ,02:00,6344.7,1818.7,0.0,1096.0,0,363.7,359.0,4134.8,0.0,391.2
2020-06-19 ,03:00,6301.79,1820.6,0.0,1098.0,0,363.8,358.8,4183.0,0.0,298.2
2020-06-19 ,04:00,6211.22,1820.3,0.0,1098.0,0,363.7,358.6,4349.7,41.2,-1836.4
2020-06-19 ,05:00,5969.91,1820.4,0.0,1098.0,0,363.7,358.7,4044.3,105.25,-4496.8
2020-06-19 ,06:00,6689.31,1819.8,0.0,1097.0,0,363.7,359.1,4759.5,109.98,-5539.1
2020-06-19 ,07:00,7213.09,1815.2,0.0,1092.0,0,364.0,359.2,5292.4,105.53,-5487.2
2020-06-19 ,08:00,7416.09,1812.0,0.0,1089.0,0,363.7,359.3,5466.4,137.71,-5361.0
2020-06-19 ,09:00,7595.7,1809.5,0.0,1087.0,0,363.4,359.1,5689.9,96.27,-4973.0
2020-06-19 ,10:00,7849.65,1809.5,0.0,1087.0,0,363.6,358.9,5732.9,307.26,-4352.9
2020-06-19 ,11:00,7435.83,1809.1,0.0,1086.0,0,363.6,359.5,4265.4,1361.33,-3409.0
2020-06-19 ,12:00,7215.27,1808.4,0.0,1085.0,0,363.8,359.6,4195.8,1211.1,-2162.6
2020-06-19 ,13:00,7016.24,1806.1,0.0,1083.0,0,363.8,359.3,4504.5,705.66,-1207.7
2020-06-19 ,14:00,6773.09,1809.3,0.0,1086.0,0,364.0,359.3,3706.5,1257.27,-369.2
2020-06-19 ,15:00,6573.92,1809.8,0.0,1087.0,0,363.9,358.9,4086.2,677.96,-1248.6
2020-06-19 ,16:00,6493.79,1808.2,0.0,1085.0,0,364.1,359.1,4248.1,437.5,-4053.5
2020-06-19 ,17:00,6521.35,1807.4,0.0,1084.0,0,364.1,359.3,4568.2,145.78,-4733.9
2020-06-19 ,18:00,6408.7,1807.5,0.0,1084.0,0,364.1,359.4,4426.8,174.39,-4936.8
2020-06-19 ,19:00,6164.72,1807.6,0.0,1084.0,0,364.2,359.4,4349.1,8.07,-4447.7
2020-06-19 ,20:00,6037.27,1811.0,0.0,1087.0,0,364.4,359.6,4226.3,0.0,-3995.6
2020-06-19 ,21:00,6101.84,1811.3,0.0,1087.0,0,364.4,359.9,4290.5,0.0,-2644.4
2020-06-19 ,22:00,5803.97,1814.2,0.0,1090.0,0,364.4,359.8,3989.8,0.0,-1379.9
2020-06-19 ,23:00,5583.71,1814.4,0.0,1090.0,0,364.5,359.9,3769.3,0.0,-174.0
2020-06-20 ,00:00,5903.13,1813.7,0.0,1089.0,0,364.5,360.2,3693.9,0.0,395.5
2020-06-20 ,01:00,5972.63,1814.4,0.0,1090.0,0,364.4,360.0,3076.5,0.0,1081.7
2020-06-20 ,02:00,6386.86,1815.3,0.0,1091.0,0,364.4,359.9,3421.1,0.0,1150.5
2020-06-20 ,03:00,6311.41,1815.6,0.0,1091.0,0,364.7,359.9,3262.2,0.0,1233.6
2020-06-20 ,04:00,6324.18,1815.4,0.0,1091.0,0,364.7,359.7,3574.8,28.37,905.6
2020-06-20 ,05:00,6261.29,1815.4,0.0,1091.0,0,364.6,359.8,4306.1,139.78,-135.2
2020-06-20 ,06:00,5935.32,1814.4,0.0,1090.0,0,364.7,359.7,3728.4,392.48,-1135.4
2020-06-20 ,07:00,5979.73,1811.4,0.0,1087.0,0,364.5,359.9,3460.8,707.49,-1601.8
2020-06-20 ,08:00,6134.33,1808.3,0.0,1084.0,0,364.5,359.8,3112.5,1213.49,-568.5
2020-06-20 ,09:00,6476.64,1803.0,0.0,1079.0,0,364.3,359.7,3237.6,1407.82,28.3
2020-06-20 ,10:00,6919.79,1804.4,0.0,1081.0,0,364.0,359.4,3502.6,1612.8,-581.6
2020-06-20 ,11:00,6855.7,1804.9,0.0,1081.0,0,364.3,359.6,3654.6,1396.18,-189.8
2020-06-20 ,12:00,6654.96,1800.8,0.0,1077.0,0,364.2,359.6,2824.0,1430.75,599.4
2020-06-20 ,13:00,6996.45,1797.5,0.0,1074.0,0,363.9,359.6,3897.6,536.16,765.2
2020-06-20 ,14:00,6906.39,1798.2,0.0,1075.0,0,363.9,359.3,3206.5,998.61,903.1
2020-06-20 ,15:00,6887.12,1794.5,0.0,1072.0,0,363.6,358.9,4320.2,376.99,395.4
2020-06-20 ,16:00,6687.96,1794.4,0.0,1072.0,0,363.5,358.9,4237.9,655.63,-2494.4
2020-06-20 ,17:00,5680.21,1794.1,0.0,1072.0,0,363.4,358.7,3570.2,315.92,-2434.7
2020-06-20 ,18:00,5575.81,1800.8,0.0,1079.0,0,363.3,358.5,3713.3,61.71,-3277.6
2020-06-20 ,19:00,5439.04,1800.9,0.0,1079.0,0,363.3,358.6,3632.8,5.36,-4021.9
2020-06-20 ,20:00,5418.34,1804.0,0.0,1082.0,0,363.4,358.6,3614.3,0.0,-4585.7
2020-06-20 ,21:00,5518.25,1803.9,0.0,1082.0,0,363.3,358.6,3714.4,0.0,-3702.2
2020-06-20 ,22:00,5321.07,1804.6,0.0,1083.0,0,363.1,358.5,3516.5,0.0,-1144.6
2020-06-20 ,23:00,5611.34,1805.0,0.0,1083.0,0,363.2,358.8,3291.9,0.0,514.4
2020-06-21 ,00:00,6183.12,1805.7,0.0,1084.0,0,363.1,358.6,3470.0,0.0,907.4
2020-06-21 ,01:00,6261.63,1804.9,0.0,1083.0,0,363.2,358.7,3325.9,0.0,1130.9
2020-06-21 ,02:00,6201.78,1807.0,0.0,1085.0,0,363.3,358.7,3398.2,0.0,996.6
2020-06-21 ,03:00,6116.8,1807.1,0.0,1085.0,0,363.5,358.6,3286.4,0.32,1023.0
2020-06-21 ,04:00,6066.48,1806.2,0.0,1084.0,0,363.7,358.5,3227.5,43.55,989.2
2020-06-21 ,05:00,5989.21,1807.9,0.0,1085.0,0,363.8,359.1,3207.6,228.31,745.4
2020-06-21 ,06:00,6010.63,1804.1,0.0,1081.0,0,363.9,359.2,3204.6,537.03,464.9
2020-06-21 ,07:00,6130.49,1800.9,0.0,1078.0,0,363.8,359.1,2989.2,957.53,382.9
2020-06-21 ,08:00,6427.23,1795.8,0.0,1073.0,0,363.8,359.0,3073.1,1193.82,364.5
2020-06-21 ,09:00,6650.58,1791.6,0.0,1069.0,0,363.6,359.0,3334.1,1217.06,307.8
2020-06-21 ,10:00,6789.7,1790.9,0.0,1069.0,0,363.2,358.7,3432.0,1308.85,257.9
2020-06-21 ,11:00,6915.7,1787.7,0.0,1066.0,0,363.1,358.6,3724.0,1120.19,283.8
2020-06-21 ,12:00,6758.63,1786.7,0.0,1065.0,0,363.1,358.6,3539.9,1346.08,85.9
2020-06-21 ,13:00,6584.86,1785.3,0.0,1064.0,0,362.9,358.4,3875.3,794.5,129.8
2020-06-21 ,14:00,6507.67,1781.4,0.0,1061.0,0,362.5,357.9,3242.8,1123.77,359.7
2020-06-21 ,15:00,6501.66,1780.2,0.0,1060.0,0,362.4,357.8,3087.7,929.79,704.0
2020-06-21 ,16:00,6689.85,1778.1,0.0,1058.0,0,362.4,357.7,4199.2,712.57,-164.9
2020-06-21 ,17:00,6304.93,1777.2,0.0,1057.0,0,362.5,357.7,4125.1,402.65,-1612.8
2020-06-21 ,18:00,5432.63,1779.5,0.0,1059.0,0,362.7,357.8,3561.6,91.51,-1740.9
2020-06-21 ,19:00,5303.19,1783.6,0.0,1063.0,0,362.7,357.9,3505.0,14.62,-2226.9
2020-06-21 ,20:00,5306.84,1787.3,0.0,1067.0,0,362.4,357.9,3519.5,0.0,-2749.2
2020-06-21 ,21:00,5433.23,1791.2,0.0,1071.0,0,362.5,357.7,3642.0,0.0,-2187.2
2020-06-21 ,22:00,5126.44,1793.0,0.0,1073.0,0,362.5,357.5,3118.1,0.0,215.4
2020-06-21 ,23:00,5975.87,1795.7,0.0,1075.0,0,362.7,358.0,3220.5,0.0,959.6
2020-06-22 ,00:00,6269.09,1796.8,0.0,1076.0,0,362.7,358.1,3522.1,0.0,950.2
2020-06-22 ,01:00,6109.52,1796.0,0.0,1075.0,0,362.7,358.3,3291.4,0.0,1022.1
2020-06-22 ,02:00,6064.13,1797.8,0.0,1077.0,0,362.7,358.1,3299.8,0.0,966.5
2020-06-22 ,03:00,5973.78,1795.8,0.0,1075.0,0,362.8,358.0,3528.8,0.0,649.2
2020-06-22 ,04:00,5969.82,1794.0,0.0,1073.0,0,362.9,358.1,4154.9,20.9,-1412.1
2020-06-22 ,05:00,5696.86,1792.6,0.0,1072.0,0,362.6,358.0,3739.4,164.85,-4675.3
2020-06-22 ,06:00,6541.44,1789.8,0.0,1069.0,0,362.7,358.1,4455.1,296.53,-5502.3
2020-06-22 ,07:00,7020.4,1788.6,0.0,1067.0,0,363.0,358.6,4635.1,596.67,-4529.1
2020-06-22 ,08:00,7100.28,1786.5,0.0,1065.0,0,363.1,358.4,4396.8,917.0,-3077.6
2020-06-22 ,09:00,7231.84,1782.1,0.0,1061.0,0,362.8,358.3,4690.4,759.34,-1820.7
2020-06-22 ,10:00,7530.02,1777.7,0.0,1057.0,0,362.7,358.0,4180.3,1572.0,-1419.3
2020-06-22 ,11:00,7158.89,1774.4,0.0,1054.0,0,362.5,357.9,4233.9,1150.59,-1148.0
2020-06-22 ,12:00,7292.07,1773.2,0.0,1053.0,0,362.4,357.8,3971.6,1547.24,-1338.0
2020-06-22 ,13:00,7215.45,1770.8,0.0,1051.0,0,362.2,357.6,4314.9,1129.77,-1637.9
2020-06-22 ,14:00,6930.51,1769.3,0.0,1050.0,0,362.0,357.3,3870.5,1290.69,-1727.8
2020-06-22 ,15:00,6759.59,1768.1,0.0,1049.0,0,361.9,357.2,4216.7,774.83,-3628.7
2020-06-22 ,16:00,6515.19,1769.3,0.0,1050.0,0,362.0,357.3,3996.1,749.8,-4890.8
2020-06-22 ,17:00,6578.73,1769.0,0.0,1050.0,0,362.0,357.0,4419.9,389.82,-6282.6
2020-06-22 ,18:00,6424.39,1769.3,0.0,1050.0,0,362.0,357.3,4534.4,120.71,-6556.7
2020-06-22 ,19:00,6134.89,1774.4,0.0,1055.0,0,362.1,357.3,4349.1,11.36,-6517.4
2020-06-22 ,20:00,6049.99,1775.3,0.0,1056.0,0,362.0,357.3,4274.7,0.0,-5956.8
2020-06-22 ,21:00,6089.37,1780.3,0.0,1061.0,0,362.0,357.3,4309.1,0.0,-4704.8
2020-06-22 ,22:00,5671.03,1784.1,0.0,1065.0,0,362.0,357.1,3886.9,0.0,-2175.2
2020-06-22 ,23:00,5354.94,1788.3,0.0,1069.0,0,362.1,357.2,3566.6,0.0,-819.7
2020-06-23 ,00:00,5456.16,1790.4,0.0,1071.0,0,362.0,357.4,3619.7,0.0,46.1
2020-06-23 ,01:00,5664.33,1794.2,0.0,1075.0,0,362.0,357.2,3537.6,0.0,332.5
2020-06-23 ,02:00,5853.16,1795.1,0.0,1076.0,0,362.0,357.1,3948.3,0.0,109.8
2020-06-23 ,03:00,5654.37,1795.3,0.0,1076.0,0,362.0,357.3,3859.1,0.0,-891.8
2020-06-23 ,04:00,5262.41,1795.4,0.0,1076.0,0,362.1,357.3,3425.8,41.16,-3290.0
2020-06-23 ,05:00,5768.44,1794.5,0.0,1075.0,0,362.1,357.4,3752.8,221.15,-5314.3
2020-06-23 ,06:00,6541.35,1791.7,0.0,1072.0,0,362.2,357.5,4223.6,526.03,-5290.9
2020-06-23 ,07:00,6926.82,1784.6,0.0,1065.0,0,362.2,357.4,4192.7,949.5,-5082.5
2020-06-23 ,08:00,6993.12,1773.4,0.0,1054.0,0,362.0,357.4,3938.6,1281.11,-3115.2
2020-06-23 ,09:00,7065.13,1765.4,0.0,1046.0,0,362.0,357.4,3796.6,1503.14,-2694.5
2020-06-23 ,10:00,7333.81,1763.8,0.0,1045.0,0,361.7,357.1,3934.9,1635.13,-2205.6
2020-06-23 ,11:00,6938.92,1763.2,3.2,1042.0,0,361.3,356.7,3479.2,1696.56,-2141.7
2020-06-23 ,12:00,6920.77,1931.4,173.9,1040.0,0,360.6,356.9,3331.6,1657.78,-1165.8
2020-06-23 ,13:00,6816.64,2012.0,253.8,1041.0,0,360.4,356.8,3233.6,1571.08,-1098.5
2020-06-23 ,14:00,6816.25,2062.7,305.9,1040.0,0,360.3,356.5,3367.8,1385.73,-2445.2
2020-06-23 ,15:00,6634.83,2180.3,426.0,1038.0,0,360.0,356.3,3343.0,1111.57,-3500.4
2020-06-23 ,16:00,6533.72,2259.4,506.5,1037.0,0,359.9,356.0,3514.1,760.25,-5842.4
2020-06-23 ,17:00,6626.07,2263.5,508.9,1039.0,0,359.8,355.8,3989.2,373.41,-6858.9
2020-06-23 ,18:00,6468.82,2272.0,514.7,1041.0,0,360.0,356.3,4085.9,110.89,-6956.8
2020-06-23 ,19:00,6217.98,2290.7,526.8,1047.0,0,360.4,356.5,3915.9,11.36,-6527.4
2020-06-23 ,20:00,6127.48,2306.3,538.5,1051.0,0,360.3,356.5,3821.2,0.0,-6505.1
2020-06-23 ,21:00,6171.86,2322.6,550.4,1055.0,0,360.4,356.8,3849.3,0.0,-5443.2
2020-06-23 ,22:00,5734.91,2337.3,562.3,1058.0,0,360.3,356.7,3397.6,0.0,-2798.1
2020-06-23 ,23:00,5508.19,2350.9,573.9,1060.0,0,360.5,356.5,3157.3,0.0,-1032.2
2020-06-24 ,00:00,5717.67,2365.0,585.8,1062.0,0,360.6,356.6,3227.0,0.0,125.7
2020-06-24 ,01:00,6337.84,2376.9,597.8,1062.0,0,360.4,356.7,3690.0,0.0,270.9
2020-06-24 ,02:00,6315.63,2390.9,609.7,1064.0,0,360.5,356.7,3645.4,0.0,279.3
2020-06-24 ,03:00,6134.89,2402.9,621.7,1064.0,0,360.4,356.8,3732.0,0.0,-448.3
2020-06-24 ,04:00,5886.2,2416.9,633.6,1066.0,0,360.4,356.9,3427.3,42.04,-3297.0
2020-06-24 ,05:00,5822.93,2428.8,645.5,1066.0,0,360.4,356.9,3174.8,219.37,-5005.4
2020-06-24 ,06:00,6499.31,2434.9,657.1,1060.0,0,360.6,357.2,3542.0,522.45,-4542.5
2020-06-24 ,07:00,6939.83,2441.7,668.9,1055.0,0,360.6,357.2,3558.2,939.88,-4666.2
2020-06-24 ,08:00,7029.1,2448.5,680.9,1050.0,0,360.6,357.0,3329.0,1251.63,-3808.8
2020-06-24 ,09:00,7186.04,2455.2,692.5,1045.0,0,360.6,357.1,3267.9,1462.93,-3117.7
2020-06-24 ,10:00,7440.79,2465.5,704.4,1044.0,0,360.3,356.8,3365.8,1609.54,-2814.9
2020-06-24 ,11:00,7096.07,2475.0,716.3,1042.0,0,360.2,356.5,2971.0,1650.07,-2440.1
2020-06-24 ,12:00,7068.73,2484.4,728.3,1040.0,0,359.9,356.2,2966.4,1617.89,-2595.2
2020-06-24 ,13:00,6981.56,2495.2,740.3,1039.0,0,359.7,356.2,2965.6,1520.74,-2630.9
2020-06-24 ,14:00,6900.12,2504.8,752.1,1037.0,0,359.8,355.9,3047.1,1348.18,-3834.3
2020-06-24 ,15:00,6781.89,2507.8,756.4,1036.0,0,359.5,355.9,3174.2,1099.93,-5499.6
2020-06-24 ,16:00,6678.39,2070.1,757.4,776.0,0,269.8,266.9,3854.3,753.97,-6126.2
2020-06-24 ,17:00,6777.36,2510.9,759.3,1036.0,0,359.6,356.0,3880.8,385.65,-6723.6
2020-06-24 ,18:00,6646.98,2076.1,761.1,778.0,0,269.8,267.2,4447.5,123.41,-6509.6
2020-06-24 ,19:00,6396.42,2524.3,762.8,1045.0,0,360.2,356.3,3861.1,11.05,-6037.8
2020-06-24 ,20:00,6279.06,2532.4,764.8,1051.0,0,360.2,356.4,3746.7,0.0,-5931.0
2020-06-24 ,21:00,6266.27,2536.4,766.6,1053.0,0,360.2,356.6,3729.9,0.0,-3417.9
2020-06-24 ,22:00,5845.9,2540.7,768.3,1056.0,0,360.0,356.4,3305.2,0.0,-1653.2
2020-06-24 ,23:00,5572.48,2543.1,770.2,1056.0,0,360.3,356.6,2994.3,0.0,35.0
2020-06-25 ,00:00,6381.29,2548.9,772.0,1060.0,0,360.3,356.6,3330.9,0.0,501.5
2020-06-25 ,01:00,6461.36,2551.7,773.9,1061.0,0,360.3,356.5,3061.3,0.0,848.4
2020-06-25 ,02:00,6584.01,2556.3,775.6,1064.0,0,360.2,356.5,3403.5,0.0,624.2
2020-06-25 ,03:00,6368.19,2559.8,777.2,1066.0,0,360.1,356.5,3688.1,0.0,120.3
2020-06-25 ,04:00,6209.24,2565.9,779.0,1070.0,0,360.2,356.7,3590.0,53.36,-2674.3
2020-06-25 ,05:00,5871.92,2564.6,780.7,1067.0,0,360.1,356.8,3100.5,206.85,-5618.0
2020-06-25 ,06:00,6643.51,782.4,782.4,0.0,0,0.0,0.0,5378.9,482.2,-5816.4
2020-06-25 ,07:00,7101.96,784.0,784.0,0.0,0,0.0,0.0,5395.6,922.32,-6072.5
2020-06-25 ,08:00,7240.3,785.8,785.8,0.0,0,0.0,0.0,5213.6,1240.9,-5428.0
2020-06-25 ,09:00,7410.37,787.5,787.5,0.0,0,0.0,0.0,5182.6,1440.24,-3679.7
2020-06-25 ,10:00,7615.89,2550.9,789.2,1045.0,0,360.1,356.6,3590.7,1474.25,-3409.7
2020-06-25 ,11:00,7234.13,2544.1,791.1,1041.0,0,359.9,352.1,3088.9,1601.16,-2575.1
2020-06-25 ,12:00,7251.47,2109.0,792.7,780.0,0,270.0,266.3,3572.9,1569.57,-2150.4
2020-06-25 ,13:00,7149.09,2545.7,794.4,1036.0,0,359.6,355.7,3503.1,1100.29,-1675.0
2020-06-25 ,14:00,7055.28,2544.5,796.2,1033.0,0,359.6,355.7,3690.6,820.13,-2110.5
2020-06-25 ,15:00,6945.33,2543.5,798.2,1030.0,0,359.6,355.7,3683.9,717.9,-4305.5
2020-06-25 ,16:00,6851.82,2545.4,800.1,1030.0,0,359.5,355.8,3589.4,717.02,-5600.1
2020-06-25 ,17:00,6882.12,2545.1,802.0,1028.0,0,359.3,355.8,4025.6,311.43,-5992.6
2020-06-25 ,18:00,6693.68,2549.6,803.8,1030.0,0,359.8,356.0,4033.8,110.3,-5976.8
2020-06-25 ,19:00,6419.51,2556.9,805.6,1035.0,0,359.9,356.4,3850.6,11.96,-6280.4
2020-06-25 ,20:00,6298.72,2562.0,807.4,1038.0,0,360.1,356.5,3736.7,0.0,-5255.5
2020-06-25 ,21:00,6289.22,2566.9,809.2,1041.0,0,360.2,356.5,3722.3,0.0,-3622.0
2020-06-25 ,22:00,5857.71,2309.9,811.2,782.0,0,360.0,356.7,3547.8,0.0,-1775.1
2020-06-25 ,23:00,5644.21,2575.8,813.0,1046.0,0,360.2,356.6,3068.4,0.0,-107.2
2020-06-26 ,00:00,6252.08,2581.5,814.7,1050.0,0,360.4,356.4,2808.1,0.0,862.5
2020-06-26 ,01:00,6821.89,2587.3,816.6,1054.0,0,360.2,356.5,3551.7,0.0,682.9
2020-06-26 ,02:00,6744.42,2589.2,818.4,1054.0,0,360.2,356.6,3729.8,0.0,425.5
2020-06-26 ,03:00,6384.12,2592.7,820.1,1056.0,0,360.1,356.5,3732.4,0.0,59.0
2020-06-26 ,04:00,6311.4,2593.1,821.8,1055.0,0,359.8,356.5,3689.1,29.24,-2614.4
2020-06-26 ,05:00,5896.53,2584.4,812.2,1056.0,0,359.7,356.5,3154.1,158.02,-4985.0
2020-06-26 ,06:00,6636.66,2582.9,813.5,1053.0,0,359.9,356.5,3752.4,301.34,-4518.7
2020-06-26 ,07:00,7160.85,2578.9,814.7,1048.0,0,359.8,356.4,3792.8,789.14,-4312.6
2020-06-26 ,08:00,7326.67,2578.1,816.9,1045.0,0,359.8,356.4,3625.7,1122.89,-3391.5
2020-06-26 ,09:00,7566.41,2574.4,819.2,1039.0,0,360.0,356.2,3713.0,1279.05,-2555.6
2020-06-26 ,10:00,7800.42,2572.0,821.7,1034.0,0,360.0,356.3,3626.9,1601.48,-2504.4
2020-06-26 ,11:00,7392.78,2567.8,822.8,1028.0,0,360.3,356.7,3340.3,1484.66,-2110.8
2020-06-26 ,12:00,7402.82,2563.1,823.9,1023.0,0,360.0,356.2,4627.5,212.21,-2364.7
2020-06-26 ,13:00,7230.02,2569.5,826.0,1028.0,0,359.8,355.7,4226.0,434.52,-1799.3
2020-06-26 ,14:00,7073.25,2586.9,827.9,1043.0,0,359.8,356.2,3642.1,844.29,-2730.9
2020-06-26 ,15:00,6920.69,2588.9,829.7,1043.0,0,359.8,356.4,3359.4,972.43,-4089.0
2020-06-26 ,16:00,6849.69,2588.1,831.6,1040.0,0,359.9,356.6,3628.0,633.58,-5717.4
2020-06-26 ,17:00,6798.57,2587.8,833.3,1038.0,0,359.7,356.8,3997.1,213.68,-6590.3
2020-06-26 ,18:00,6556.2,2589.1,835.2,1037.0,0,359.9,357.0,3829.1,137.99,-6221.9
2020-06-26 ,19:00,6314.9,2590.2,836.8,1036.0,0,360.2,357.2,3712.5,12.24,-5937.5
2020-06-26 ,20:00,6180.53,2594.2,838.7,1038.0,0,360.2,357.3,3586.3,0.0,-5436.1
2020-06-26 ,21:00,6156.89,2597.8,840.5,1040.0,0,360.0,357.3,3559.1,0.0,-4255.1
2020-06-26 ,22:00,5851.98,2162.6,842.2,783.0,0,269.7,267.7,3689.4,0.0,-4393.8
2020-06-26 ,23:00,5556.72,2606.6,844.1,1046.0,0,359.6,356.9,2950.1,0.0,-3188.0
2020-06-27 ,00:00,5410.03,2611.7,846.1,1049.0,0,359.8,356.8,2798.3,0.0,-1934.6
2020-06-27 ,01:00,5592.62,2614.8,847.8,1050.0,0,359.8,357.2,2977.8,0.0,-283.3
2020-06-27 ,02:00,6183.54,2619.3,849.6,1053.0,0,359.6,357.1,3564.2,0.0,-366.5
2020-06-27 ,03:00,6149.09,2622.3,851.3,1054.0,0,359.7,357.3,3526.8,0.0,-706.4
2020-06-27 ,04:00,6080.25,2625.8,853.3,1055.0,0,360.0,357.5,3410.3,44.14,-842.4
2020-06-27 ,05:00,6034.57,2536.8,855.0,1054.0,0,270.1,357.7,3409.8,87.97,-2143.6
2020-06-27 ,06:00,5809.07,2624.9,856.8,1050.0,0,360.2,357.9,2981.8,202.36,-2361.1
2020-06-27 ,07:00,5958.34,2620.7,858.4,1044.0,0,360.3,358.0,2935.6,402.06,-1954.0
2020-06-27 ,08:00,6453.44,2620.3,860.3,1041.0,0,360.6,358.4,2797.5,1035.6,-1042.6
2020-06-27 ,09:00,7102.14,2619.1,862.1,1038.0,0,360.5,358.5,2894.4,1390.77,197.8
2020-06-27 ,10:00,7827.59,2618.7,863.8,1036.0,0,360.5,358.4,3426.6,1531.43,250.8
2020-06-27 ,11:00,7851.11,2613.5,865.5,1030.0,0,360.1,357.9,3217.3,1558.29,462.0
2020-06-27 ,12:00,7808.85,2611.6,867.1,1027.0,0,359.9,357.6,2999.8,1638.71,558.7
2020-06-27 ,13:00,7679.61,2613.9,868.9,1028.0,0,359.6,357.4,2808.9,1533.54,723.3
2020-06-27 ,14:00,7641.46,2610.9,870.9,1024.0,0,359.0,357.0,2712.5,1384.54,933.5
2020-06-27 ,15:00,7516.21,2607.6,872.5,1020.0,0,358.7,356.4,2857.9,1113.68,937.0
2020-06-27 ,16:00,7549.77,2609.3,874.3,1020.0,0,358.5,356.5,4253.8,686.63,-597.3
2020-06-27 ,17:00,6964.75,2610.1,876.2,1019.0,0,358.5,356.4,4082.6,272.09,-3526.4
2020-06-27 ,18:00,5773.4,2617.4,878.0,1024.0,0,358.8,356.6,3028.7,127.26,-3317.6
2020-06-27 ,19:00,5672.62,2621.2,879.8,1026.0,0,358.8,356.6,3024.3,27.14,-3487.4
2020-06-27 ,20:00,5531.54,2626.6,881.8,1029.0,0,359.0,356.8,2904.9,0.0,-3702.7
2020-06-27 ,21:00,5709.45,2633.1,883.4,1034.0,0,358.9,356.8,3076.4,0.0,-2436.2
2020-06-27 ,22:00,5888.42,2636.7,885.1,1036.0,0,358.7,356.9,3251.7,0.0,-375.3
2020-06-27 ,23:00,6319.31,2641.2,886.8,1039.0,0,358.8,356.6,3678.1,0.0,-55.7
2020-06-28 ,00:00,6288.43,2644.1,888.9,1040.0,0,358.7,356.5,3644.3,0.0,-4.0
2020-06-28 ,01:00,6160.47,2645.4,890.7,1040.0,0,358.4,356.3,3380.8,0.0,134.2
2020-06-28 ,02:00,6062.42,2650.1,892.4,1043.0,0,358.3,356.4,3412.3,0.0,-0.1
2020-06-28 ,03:00,5870.17,2650.6,894.2,1042.0,0,358.3,356.1,3164.3,0.0,55.3
2020-06-28 ,04:00,5841.49,2653.4,896.0,1043.0,0,358.3,356.1,3059.2,11.05,117.9
2020-06-28 ,05:00,5903.09,2612.1,897.8,1000.0,0,358.3,356.0,3082.2,69.21,139.5
2020-06-28 ,06:00,6110.71,2390.2,899.6,776.0,0,358.4,356.2,3521.5,76.33,122.7
2020-06-28 ,07:00,6096.26,2197.1,901.4,581.0,0,358.3,356.4,3240.2,431.86,227.1
2020-06-28 ,08:00,6404.41,1910.0,903.2,292.0,0,358.3,356.5,3257.5,840.71,396.2
2020-06-28 ,09:00,6580.62,1801.6,904.8,182.0,0,358.4,356.4,2384.0,1442.03,953.0
2020-06-28 ,10:00,7129.49,1798.4,906.6,177.0,0,358.3,356.5,3475.8,1509.1,346.2
2020-06-28 ,11:00,6875.45,1800.9,908.4,178.0,0,358.3,356.2,3272.2,1688.49,113.8
2020-06-28 ,12:00,6682.84,1800.5,910.2,176.0,0,358.2,356.1,3375.6,1116.02,390.7
2020-06-28 ,13:00,6678.22,1792.8,911.8,167.0,0,357.9,356.1,2959.1,1259.38,667.0
2020-06-28 ,14:00,6620.21,1789.2,913.7,161.0,0,358.0,356.5,3433.6,648.16,749.3
2020-06-28 ,15:00,6498.74,1803.2,915.6,174.0,0,357.8,355.8,2819.8,687.82,1187.9
2020-06-28 ,16:00,6848.1,1816.2,917.4,185.0,0,357.9,355.9,4740.9,284.37,6.7
2020-06-28 ,17:00,6409.24,1815.9,919.1,183.0,0,357.8,356.0,4489.6,103.74,-2220.1
2020-06-28 ,18:00,5783.35,1818.7,920.9,184.0,0,357.8,356.0,3917.8,46.85,-3122.8
2020-06-28 ,19:00,5669.43,1778.4,922.8,186.0,0,358.0,311.6,3888.6,2.38,-3703.6
2020-06-28 ,20:00,5640.75,1650.5,924.6,190.0,0,358.0,177.9,3990.2,0.0,-4929.3
2020-06-28 ,21:00,5595.75,1652.3,926.3,190.0,0,358.1,177.9,3943.4,0.0,-3414.4
2020-06-28 ,22:00,5258.98,1646.7,928.2,183.0,0,357.8,177.7,3295.4,0.0,316.9
2020-06-28 ,23:00,6082.79,1653.0,929.9,187.0,0,358.2,177.9,3723.8,0.0,706.0
2020-06-29 ,00:00,6444.79,1478.9,931.8,189.0,0,358.1,0.0,3574.7,0.0,1391.2
2020-06-29 ,01:00,6585.38,1484.7,933.7,193.0,0,358.0,0.0,3498.1,0.0,1602.6
2020-06-29 ,02:00,6443.04,1476.4,935.4,183.0,0,358.0,0.0,3663.9,0.0,1302.8
2020-06-29 ,03:00,6207.0,1477.0,937.2,182.0,0,357.8,0.0,3483.7,0.0,1246.3
2020-06-29 ,04:00,6489.8,1837.5,938.8,185.0,0,357.6,356.1,4652.3,0.0,-871.4
2020-06-29 ,05:00,6251.6,1782.9,940.6,129.0,0,357.5,355.8,4450.5,18.2,-4211.0
2020-06-29 ,06:00,6697.12,1771.0,943.7,114.0,0,357.4,355.9,4818.2,107.91,-4767.4
2020-06-29 ,07:00,7256.64,1772.4,944.5,114.0,0,357.8,356.1,5187.7,296.57,-3948.7
2020-06-29 ,08:00,7364.79,1775.9,946.3,115.0,0,358.2,356.4,5001.5,587.41,-3239.7
2020-06-29 ,09:00,7553.69,1745.7,948.0,83.0,0,358.1,356.6,5037.6,770.34,-3010.4
2020-06-29 ,10:00,7846.46,1664.5,949.3,0.0,0,358.5,356.7,4739.3,1442.67,-2533.9
2020-06-29 ,11:00,7398.08,1666.6,951.1,0.0,0,358.5,357.0,4037.9,1693.58,-1964.6
2020-06-29 ,12:00,7328.62,1668.7,953.0,0.0,0,358.6,357.1,3955.6,1704.31,-1654.0
2020-06-29 ,13:00,7218.52,1491.5,954.6,0.0,0,358.7,178.2,4173.5,1553.52,-1621.8
2020-06-29 ,14:00,7130.17,1493.6,956.2,0.0,0,358.9,178.5,4196.0,1440.6,-1310.3
2020-06-29 ,15:00,6982.08,1496.5,958.2,0.0,0,359.5,178.8,4319.8,1165.81,-1171.0
2020-06-29 ,16:00,6828.88,1677.7,960.0,0.0,0,359.7,358.0,4351.3,799.87,-3021.8
2020-06-29 ,17:00,6778.21,1680.0,961.9,0.0,0,359.9,358.2,4687.2,410.96,-3484.2
2020-06-29 ,18:00,6557.53,1681.9,963.7,0.0,0,360.0,358.2,4754.3,121.34,-4294.3
2020-06-29 ,19:00,6291.71,1684.1,965.4,0.0,0,360.3,358.4,4599.0,8.66,-3751.7
2020-06-29 ,20:00,6170.9,1685.9,967.3,0.0,0,360.2,358.4,4485.0,0.0,-3561.2
2020-06-29 ,21:00,6192.81,1687.8,969.2,0.0,0,360.2,358.4,4505.0,0.0,-2088.1
2020-06-29 ,22:00,5853.83,1689.8,971.0,0.0,0,360.3,358.5,4164.0,0.0,-1492.4
2020-06-29 ,23:00,5626.17,1691.7,972.9,0.0,0,360.3,358.5,3934.5,0.0,-593.9
2020-06-30 ,00:00,5813.71,1693.3,974.6,0.0,0,360.4,358.3,3735.2,0.0,385.2
2020-06-30 ,01:00,6296.03,1695.5,976.4,0.0,0,360.4,358.7,3640.3,0.0,960.2
2020-06-30 ,02:00,6457.9,1697.9,978.3,0.0,0,360.7,358.9,3807.1,0.0,952.9
2020-06-30 ,03:00,6312.35,1699.6,979.9,0.0,0,360.7,359.0,3851.1,0.0,761.6
2020-06-30 ,04:00,6358.68,1701.8,981.8,0.0,0,360.7,359.3,4619.8,37.03,-1243.9
2020-06-30 ,05:00,6138.6,1703.6,983.3,0.0,0,360.8,359.5,4233.2,201.76,-2675.4
2020-06-30 ,06:00,6666.87,1708.4,985.1,0.0,0,360.8,362.5,4438.4,520.07,-3648.7
2020-06-30 ,07:00,7072.57,1709.1,986.8,0.0,0,360.9,361.4,4473.3,890.18,-2178.6
2020-06-30 ,08:00,7217.98,1706.5,987.1,0.0,0,360.6,358.8,4570.1,941.39,-2061.2
2020-06-30 ,09:00,7394.32,1704.1,985.0,0.0,0,360.3,358.8,4545.0,1145.22,-3062.1
2020-06-30 ,10:00,7627.77,1522.4,983.7,0.0,0,270.0,268.7,4559.0,1546.33,-2648.9
2020-06-30 ,11:00,7188.26,1705.6,987.6,0.0,0,359.8,358.2,3848.4,1634.26,-2347.0
2020-06-30 ,12:00,7217.48,1698.9,981.7,0.0,0,359.5,357.7,3877.2,1641.37,-2254.6
2020-06-30 ,13:00,7143.27,1695.4,978.6,0.0,0,359.2,357.6,3896.2,1551.69,-2072.8
2020-06-30 ,14:00,7041.54,1691.8,975.7,0.0,0,358.9,357.2,3981.6,1368.17,-2035.2
2020-06-30 ,15:00,6940.19,1689.3,973.5,0.0,0,358.7,357.1,4147.0,1103.86,-2939.7
2020-06-30 ,16:00,6788.21,1689.2,973.6,0.0,0,358.6,357.0,4346.0,753.06,-3367.6
2020-06-30 ,17:00,6839.3,1689.7,974.4,0.0,0,358.4,356.9,4804.5,345.12,-5231.0
2020-06-30 ,18:00,6653.85,1690.4,975.1,0.0,0,358.5,356.8,4844.8,118.64,-6097.8
2020-06-30 ,19:00,6408.01,1691.5,976.4,0.0,0,358.5,356.6,4704.0,12.56,-5958.9
2020-06-30 ,20:00,6316.35,1694.1,979.2,0.0,0,358.3,356.6,4622.2,0.0,-5788.5
2020-06-30 ,21:00,6360.78,1694.5,979.7,0.0,0,358.3,356.5,4666.3,0.0,-4244.9
2020-06-30 ,22:00,5959.81,1695.0,980.2,0.0,0,358.2,356.6,4264.8,0.0,-1710.5
2020-06-30 ,23:00,5690.21,1698.0,982.6,0.0,0,358.6,356.8,3992.2,0.0,-292.3
