Date,Time,Load,Nuclear,Goesgen,Leibstadt,Muehleberg,Beznau 1,Beznau 2,Import+/Export-,Other
2020-01-01 ,00:00,7012.49,2713.2,1008.8,972.0,0,365.3,367.1,2035.7,2263.6
2020-01-01 ,01:00,7134.25,2712.8,1008.1,972.0,0,365.5,367.2,1853.8,2567.7
2020-01-01 ,02:00,6972.69,2711.0,1007.9,971.0,0,365.1,367.0,2671.5,1590.2
2020-01-01 ,03:00,7580.84,2718.1,1006.5,980.0,0,364.4,367.2,2469.7,2393.0
2020-01-01 ,04:00,7179.81,2725.0,1005.8,989.0,0,363.1,367.1,2427.4,2027.4
2020-01-01 ,05:00,7123.02,2728.7,1006.7,992.0,0,362.9,367.1,2295.0,2099.3
2020-01-01 ,06:00,7103.05,2770.2,1009.0,1031.0,0,363.1,367.1,2007.5,2325.3
2020-01-01 ,07:00,6947.14,2835.5,1008.3,1097.0,0,363.1,367.1,1901.6,2210.0
2020-01-01 ,08:00,6991.91,2924.5,1008.0,1186.0,0,363.4,367.1,1654.6,2412.8
2020-01-01 ,09:00,7167.09,2984.2,1007.5,1246.0,0,363.6,367.1,2025.6,2157.3
2020-01-01 ,10:00,7544.69,3004.8,1004.9,1269.0,0,363.7,367.2,1849.8,2690.1
2020-01-01 ,11:00,7486.56,3004.3,1005.1,1268.0,0,364.0,367.2,2013.8,2468.5
2020-01-01 ,12:00,7806.47,3013.2,1012.9,1269.0,0,364.1,367.2,1965.9,2827.4
2020-01-01 ,13:00,7720.05,3012.4,1016.2,1265.0,0,364.0,367.2,2017.7,2690.0
2020-01-01 ,14:00,7594.2,3015.6,1008.6,1276.0,0,363.8,367.2,1890.0,2688.6
2020-01-01 ,15:00,7234.18,3015.7,1007.9,1277.0,0,363.6,367.2,674.2,3544.3
2020-01-01 ,16:00,6739.95,3017.0,1009.2,1277.0,0,363.9,366.9,-321.6,3723.0
2020-01-01 ,17:00,7246.52,3016.6,1008.7,1277.0,0,363.8,367.1,-748.9,4229.9
2020-01-01 ,18:00,7341.09,3016.9,1007.9,1278.0,0,363.8,367.2,-607.4,4324.2
2020-01-01 ,19:00,7168.89,3017.5,1008.6,1278.0,0,363.9,367.0,-471.0,4151.4
2020-01-01 ,20:00,6970.6,3018.9,1008.5,1279.0,0,364.2,367.2,343.5,3608.2
2020-01-01 ,21:00,6746.55,3020.0,1008.7,1279.0,0,365.2,367.1,946.2,2780.3
2020-01-01 ,22:00,6942.24,3020.6,1009.0,1279.0,0,365.5,367.1,1441.9,2479.7
2020-01-01 ,23:00,6836.57,3020.5,1009.2,1279.0,0,365.2,367.1,1920.6,1895.4
2020-01-02 ,00:00,7038.29,3021.5,1009.0,1280.0,0,365.4,367.1,2664.6,1352.2
2020-01-02 ,01:00,7443.73,3019.1,1009.7,1277.0,0,365.2,367.2,2869.2,1555.4
2020-01-02 ,02:00,7629.56,3014.0,1008.9,1273.0,0,364.9,367.2,2676.4,1939.1
2020-01-02 ,03:00,7320.55,3010.8,1009.5,1270.0,0,364.1,367.2,2426.6,1883.1
2020-01-02 ,04:00,7113.39,3003.8,1008.4,1265.0,0,363.2,367.2,2623.8,1485.8
2020-01-02 ,05:00,7206.75,3000.7,1008.3,1263.0,0,362.7,366.7,2287.8,1918.2
2020-01-02 ,06:00,6966.18,2997.3,1008.9,1259.0,0,363.2,366.2,466.3,3502.6
2020-01-02 ,07:00,6521.52,2995.3,1008.5,1257.0,0,363.4,366.4,-954.5,3526.2
2020-01-02 ,08:00,6775.73,2994.5,1010.3,1254.0,0,363.0,367.2,-1422.7,3781.2
2020-01-02 ,09:00,7112.09,2987.9,1009.6,1248.0,0,363.1,367.2,-1223.9,4124.2
2020-01-02 ,10:00,7222.97,2943.6,1009.2,1204.0,0,363.2,367.2,-1098.6,4279.4
2020-01-02 ,11:00,7095.04,2750.4,1008.8,1011.0,0,363.4,367.2,-831.3,4344.6
2020-01-02 ,12:00,7299.16,2742.1,1009.3,1002.0,0,363.7,367.1,-961.2,4557.1
2020-01-02 ,13:00,7168.95,2771.1,1008.2,1032.0,0,363.7,367.2,-1147.9,4397.8
2020-01-02 ,14:00,7025.62,2826.9,1008.2,1088.0,0,363.7,367.0,-1544.4,4198.7
2020-01-02 ,15:00,7042.65,2881.4,1008.4,1142.0,0,363.8,367.2,-2203.3,4161.2
2020-01-02 ,16:00,7267.98,2935.1,1008.2,1196.0,0,363.9,367.0,-2374.0,4332.9
2020-01-02 ,17:00,7809.21,2989.3,1007.3,1251.0,0,364.0,367.0,-2236.7,4819.9
2020-01-02 ,18:00,7876.58,3016.8,1007.5,1278.0,0,364.1,367.2,-1714.0,4859.8
2020-01-02 ,19:00,7690.23,3015.7,1007.4,1277.0,0,364.3,367.0,396.7,4277.8
2020-01-02 ,20:00,7423.84,3018.5,1007.8,1279.0,0,364.7,367.0,1360.3,3045.0
2020-01-02 ,21:00,7164.25,3018.5,1008.7,1277.0,0,365.7,367.1,1770.3,2375.4
2020-01-02 ,22:00,7224.07,3018.7,1008.8,1277.0,0,365.8,367.1,2452.5,1752.8
2020-01-02 ,23:00,7392.37,3018.3,1007.6,1278.0,0,365.7,367.0,2713.8,1660.3
2020-01-03 ,00:00,7364.87,3016.6,1007.4,1276.0,0,366.0,367.2,2855.5,1492.7
2020-01-03 ,01:00,7388.81,3017.7,1007.7,1277.0,0,365.9,367.1,3159.8,1211.4
2020-01-03 ,02:00,7535.95,3017.4,1007.4,1277.0,0,365.9,367.1,3181.1,1337.5
2020-01-03 ,03:00,7476.74,3014.2,1007.1,1275.0,0,365.0,367.1,3039.1,1423.5
2020-01-03 ,04:00,7307.42,3013.0,1006.8,1275.0,0,364.1,367.1,2713.9,1580.5
2020-01-03 ,05:00,7249.53,3012.6,1006.0,1276.0,0,363.5,367.1,1690.8,2546.1
2020-01-03 ,06:00,6753.57,3011.7,1006.0,1275.0,0,363.5,367.2,892.8,2849.1
2020-01-03 ,07:00,7079.87,1006.3,1006.3,0.0,0,0.0,0.0,998.1,5075.4
2020-01-03 ,08:00,7474.57,3014.1,1009.0,1274.0,0,363.8,367.3,769.9,3690.6
2020-01-03 ,09:00,7718.46,3017.1,1011.1,1275.0,0,363.9,367.1,906.8,3794.5
2020-01-03 ,10:00,7749.77,3007.4,1004.1,1272.0,0,364.2,367.1,1547.0,3195.4
2020-01-03 ,11:00,7655.94,3002.6,1003.6,1267.0,0,364.8,367.2,1725.9,2927.5
2020-01-03 ,12:00,7753.45,2997.6,1002.6,1263.0,0,364.9,367.1,1759.7,2996.2
2020-01-03 ,13:00,7518.97,2999.8,1002.0,1266.0,0,364.7,367.1,1623.7,2895.4
2020-01-03 ,14:00,7332.51,3004.9,1003.8,1269.0,0,364.9,367.2,1212.0,3115.6
2020-01-03 ,15:00,7276.53,3005.0,1003.1,1270.0,0,364.8,367.1,972.4,3299.2
2020-01-03 ,16:00,7532.91,3010.9,1007.7,1271.0,0,365.0,367.2,953.0,3569.0
2020-01-03 ,17:00,8013.94,3008.9,1007.5,1269.0,0,365.3,367.1,643.3,4361.7
2020-01-03 ,18:00,8054.96,3007.6,1008.0,1267.0,0,365.5,367.1,812.0,4235.4
2020-01-03 ,19:00,7726.49,3004.4,1006.8,1265.0,0,365.5,367.1,1086.2,3635.9
2020-01-03 ,20:00,7344.84,3007.9,1010.9,1264.0,0,365.7,367.3,1584.6,2752.4
2020-01-03 ,21:00,7044.94,3002.9,1004.2,1265.0,0,366.6,367.1,1871.3,2170.8
2020-01-03 ,22:00,7062.96,3002.1,1002.4,1266.0,0,366.6,367.1,1776.7,2284.1
2020-01-03 ,23:00,6908.07,3000.0,1001.3,1265.0,0,366.6,367.1,2039.2,1868.9
2020-01-04 ,00:00,7063.52,3005.3,1004.4,1267.0,0,366.7,367.2,2300.2,1758.1
2020-01-04 ,01:00,7133.8,3006.1,1005.0,1267.0,0,366.9,367.2,2487.8,1639.9
2020-01-04 ,02:00,7196.21,3010.3,1011.5,1265.0,0,366.7,367.1,2505.5,1680.4
2020-01-04 ,03:00,7066.54,3009.0,1011.6,1264.0,0,366.2,367.2,2490.4,1567.2
2020-01-04 ,04:00,7007.14,3007.8,1011.2,1264.0,0,365.4,367.2,2605.3,1394.1
2020-01-04 ,05:00,7081.52,3009.2,1011.1,1266.0,0,364.9,367.2,2558.8,1513.5
2020-01-04 ,06:00,7157.92,3007.1,1011.1,1264.0,0,364.9,367.1,2195.5,1955.3
2020-01-04 ,07:00,6942.31,3008.0,1011.8,1264.0,0,365.0,367.2,1818.3,2116.0
2020-01-04 ,08:00,6784.35,3008.7,1012.3,1264.0,0,365.3,367.1,1524.3,2251.3
2020-01-04 ,09:00,6909.13,3010.7,1012.1,1266.0,0,365.4,367.2,1946.7,1951.7
2020-01-04 ,10:00,7209.27,3009.8,1012.2,1265.0,0,365.5,367.1,1951.9,2247.6
2020-01-04 ,11:00,7314.93,3012.9,1012.1,1268.0,0,365.6,367.2,2130.5,2171.6
2020-01-04 ,12:00,7454.58,3012.1,1011.6,1268.0,0,365.3,367.2,2244.7,2197.7
2020-01-04 ,13:00,7449.19,3012.4,1011.7,1268.0,0,365.5,367.2,2100.1,2336.7
2020-01-04 ,14:00,7196.93,3014.4,1012.8,1269.0,0,365.5,367.1,1910.8,2271.7
2020-01-04 ,15:00,7038.42,3015.5,1012.9,1270.0,0,365.5,367.1,1691.3,2331.7
2020-01-04 ,16:00,7210.27,3014.7,1012.4,1270.0,0,365.3,367.0,1512.2,2683.4
2020-01-04 ,17:00,7691.85,3014.6,1012.1,1270.0,0,365.3,367.2,975.8,3701.4
2020-01-04 ,18:00,7714.45,3016.1,1011.6,1272.0,0,365.4,367.1,1080.9,3617.4
2020-01-04 ,19:00,7411.44,3013.7,1009.2,1272.0,0,365.4,367.1,1318.8,3078.9
2020-01-04 ,20:00,7096.82,3012.5,1006.7,1273.0,0,365.7,367.1,1243.0,2841.3
2020-01-04 ,21:00,6826.42,3014.6,1007.3,1274.0,0,366.2,367.1,1216.4,2595.5
2020-01-04 ,22:00,6811.64,3009.9,1003.3,1273.0,0,366.4,367.2,1505.8,2296.0
2020-01-04 ,23:00,6862.58,3010.3,1004.0,1273.0,0,366.2,367.1,2281.6,1570.7
2020-01-05 ,00:00,7222.82,3016.5,1008.2,1275.0,0,366.2,367.1,2195.9,2010.4
2020-01-05 ,01:00,7120.9,3016.8,1008.5,1275.0,0,366.2,367.1,2085.2,2018.9
2020-01-05 ,02:00,7085.61,3014.3,1006.2,1275.0,0,366.1,367.0,2296.7,1774.6
2020-01-05 ,03:00,7178.98,3013.9,1006.1,1275.0,0,365.6,367.2,2269.3,1895.8
2020-01-05 ,04:00,7046.33,3014.0,1005.1,1277.0,0,364.7,367.2,2307.5,1724.8
2020-01-05 ,05:00,7051.84,3014.6,1005.7,1278.0,0,363.9,367.0,2146.6,1890.6
2020-01-05 ,06:00,7017.0,3016.2,1006.2,1279.0,0,363.9,367.1,2202.8,1798.0
2020-01-05 ,07:00,7044.37,3015.9,1006.0,1279.0,0,363.9,367.0,2143.9,1884.6
2020-01-05 ,08:00,7001.25,3017.0,1006.6,1279.0,0,364.3,367.1,2043.1,1941.1
2020-01-05 ,09:00,7142.89,3014.7,1005.0,1278.0,0,364.5,367.2,1761.4,2366.8
2020-01-05 ,10:00,7195.04,3010.7,1003.5,1275.0,0,365.0,367.2,1324.8,2859.5
2020-01-05 ,11:00,7023.4,3009.1,1003.5,1273.0,0,365.4,367.2,1451.4,2562.9
2020-01-05 ,12:00,7176.76,3006.9,1002.0,1272.0,0,365.7,367.2,1715.6,2454.3
2020-01-05 ,13:00,7239.19,3002.7,1001.6,1268.0,0,365.9,367.2,2015.5,2221.0
2020-01-05 ,14:00,7206.45,3003.0,1002.1,1268.0,0,365.7,367.2,2067.3,2136.1
2020-01-05 ,15:00,7068.49,3003.4,1002.1,1269.0,0,365.0,367.3,1967.2,2097.9
2020-01-05 ,16:00,7054.9,3003.1,1002.1,1269.0,0,364.8,367.2,1141.5,2910.3
2020-01-05 ,17:00,7513.88,3006.7,1003.0,1272.0,0,364.5,367.2,12.5,4494.7
2020-01-05 ,18:00,7695.82,3007.4,1003.8,1272.0,0,364.4,367.2,292.7,4395.7
2020-01-05 ,19:00,7505.06,3010.1,1004.5,1274.0,0,364.4,367.2,1315.0,3180.0
2020-01-05 ,20:00,7386.35,3011.9,1005.0,1275.0,0,364.7,367.2,1861.7,2512.8
2020-01-05 ,21:00,7175.74,3015.4,1005.7,1277.0,0,365.5,367.2,1935.6,2224.7
2020-01-05 ,22:00,7170.85,3017.6,1005.9,1279.0,0,365.5,367.2,2268.3,1885.0
2020-01-05 ,23:00,7236.02,3019.8,1007.3,1280.0,0,365.3,367.2,2453.3,1763.0
2020-01-06 ,00:00,7400.02,3017.3,1006.8,1278.0,0,365.3,367.2,2387.7,1995.0
2020-01-06 ,01:00,7354.2,3016.5,1006.2,1278.0,0,365.1,367.2,2453.3,1884.4
2020-01-06 ,02:00,7384.93,3017.2,1005.3,1280.0,0,364.8,367.1,2592.2,1775.6
2020-01-06 ,03:00,7424.76,3017.2,1005.5,1280.0,0,364.4,367.3,2627.8,1779.8
2020-01-06 ,04:00,7448.8,3020.1,1008.3,1281.0,0,363.7,367.1,2669.5,1759.2
2020-01-06 ,05:00,7703.33,3017.9,1007.5,1280.0,0,363.4,367.0,3038.3,1647.2
2020-01-06 ,06:00,8213.02,3020.0,1007.5,1282.0,0,363.4,367.1,1733.8,3459.2
2020-01-06 ,07:00,8304.38,3022.6,1011.9,1280.0,0,363.5,367.2,631.6,4650.2
2020-01-06 ,08:00,8734.27,3021.9,1011.2,1280.0,0,363.7,367.0,1155.1,4557.3
2020-01-06 ,09:00,8828.2,3017.2,1006.1,1280.0,0,364.0,367.1,1745.9,4065.1
2020-01-06 ,10:00,8810.41,3015.0,1005.0,1279.0,0,364.0,367.0,2573.3,3222.1
2020-01-06 ,11:00,9055.44,3014.2,1004.1,1279.0,0,364.2,366.9,2835.8,3205.4
2020-01-06 ,12:00,8769.2,3012.7,1004.4,1277.0,0,364.5,366.8,3064.1,2692.4
2020-01-06 ,13:00,8751.72,3010.8,1003.6,1276.0,0,364.5,366.7,3128.0,2612.9
2020-01-06 ,14:00,8624.45,3012.3,1004.7,1276.0,0,364.5,367.1,3074.8,2537.3
2020-01-06 ,15:00,8475.77,3013.3,1005.8,1276.0,0,364.3,367.2,1864.6,3597.9
2020-01-06 ,16:00,8354.79,3014.6,1007.4,1276.0,0,364.0,367.2,-669.9,5340.2
2020-01-06 ,17:00,8735.7,3015.4,1007.7,1277.0,0,363.6,367.1,-709.9,5720.3
2020-01-06 ,18:00,8812.34,3016.8,1007.7,1278.0,0,363.9,367.2,-760.9,5795.5
2020-01-06 ,19:00,8468.85,3017.4,1007.7,1278.0,0,364.6,367.1,568.7,4882.7
2020-01-06 ,20:00,8030.58,3019.3,1008.0,1279.0,0,365.0,367.3,1969.5,3041.8
2020-01-06 ,21:00,7646.22,3020.5,1007.7,1280.0,0,365.6,367.2,2669.8,1955.9
2020-01-06 ,22:00,7734.27,3021.5,1008.7,1280.0,0,365.7,367.1,2960.1,1752.7
2020-01-06 ,23:00,7808.83,3020.7,1008.6,1279.0,0,365.8,367.3,2598.0,2190.1
2020-01-07 ,00:00,7383.0,3020.4,1008.4,1279.0,0,365.8,367.2,3228.0,1134.6
2020-01-07 ,01:00,7897.76,3019.7,1007.7,1279.0,0,365.8,367.2,3253.0,1625.1
2020-01-07 ,02:00,7796.29,3020.2,1008.4,1279.0,0,365.5,367.3,3317.7,1458.4
2020-01-07 ,03:00,7747.38,3017.4,1007.4,1278.0,0,364.8,367.2,3046.8,1683.1
2020-01-07 ,04:00,7466.2,3017.6,1007.2,1279.0,0,364.2,367.2,2313.7,2134.9
2020-01-07 ,05:00,7204.64,3012.1,1005.3,1276.0,0,363.6,367.2,-501.9,4192.5
2020-01-07 ,06:00,7778.48,3009.0,1004.7,1274.0,0,363.6,366.7,-1611.7,4769.5
2020-01-07 ,07:00,8587.57,3006.7,1005.5,1270.0,0,364.1,367.1,-1662.7,5580.9
2020-01-07 ,08:00,9008.1,3008.1,1005.5,1268.0,0,367.6,367.0,-1681.7,6000.0
2020-01-07 ,09:00,9046.79,3004.1,1004.7,1266.0,0,366.3,367.1,-1800.4,6042.7
2020-01-07 ,10:00,9031.57,3002.7,1004.0,1267.0,0,364.6,367.1,-1349.8,6028.9
2020-01-07 ,11:00,8973.15,2759.2,760.0,1267.0,0,365.0,367.2,-963.7,6214.0
2020-01-07 ,12:00,8590.02,2728.5,730.5,1266.0,0,364.9,367.1,-393.7,5861.5
2020-01-07 ,13:00,8515.79,2729.0,730.5,1266.0,0,365.3,367.2,-191.6,5786.8
2020-01-07 ,14:00,8368.3,2727.8,730.6,1265.0,0,365.1,367.1,-204.9,5640.5
2020-01-07 ,15:00,8359.57,2730.6,730.6,1268.0,0,365.0,367.0,-340.0,5629.0
2020-01-07 ,16:00,8506.08,2887.6,886.5,1269.0,0,365.0,367.1,-1348.9,5618.5
2020-01-07 ,17:00,8839.74,3001.7,1000.8,1269.0,0,364.8,367.1,-1689.4,5838.0
2020-01-07 ,18:00,8860.65,3004.9,1001.4,1271.0,0,365.1,367.4,-1965.8,5855.8
2020-01-07 ,19:00,8474.27,3006.9,1002.7,1272.0,0,365.0,367.2,108.2,5359.1
2020-01-07 ,20:00,8069.51,3008.3,1003.0,1273.0,0,365.1,367.2,104.0,4957.2
2020-01-07 ,21:00,7682.46,3010.9,1003.8,1274.0,0,365.8,367.3,630.6,4040.9
2020-01-07 ,22:00,7502.71,3018.1,1010.2,1275.0,0,365.8,367.1,1569.9,2914.8
2020-01-07 ,23:00,7223.38,3014.9,1009.2,1273.0,0,365.5,367.2,1966.9,2241.6
2020-01-08 ,00:00,7021.68,3015.5,1006.4,1276.0,0,365.9,367.2,2680.5,1325.6
2020-01-08 ,01:00,7338.37,3016.0,1006.0,1277.0,0,365.8,367.2,3081.4,1240.9
2020-01-08 ,02:00,7427.52,3017.2,1006.4,1278.0,0,365.6,367.2,3027.8,1382.5
2020-01-08 ,03:00,7277.11,3018.3,1007.1,1279.0,0,365.1,367.1,2835.3,1423.5
2020-01-08 ,04:00,7138.84,3018.8,1007.3,1280.0,0,364.3,367.2,2160.3,1959.8
2020-01-08 ,05:00,7140.21,3016.2,1006.5,1279.0,0,363.6,367.1,822.1,3301.9
2020-01-08 ,06:00,7991.01,3014.7,1005.4,1279.0,0,363.4,366.9,-70.9,4976.3
2020-01-08 ,07:00,8847.18,3013.0,1005.9,1277.0,0,363.4,366.7,140.6,5693.6
2020-01-08 ,08:00,9231.67,3014.5,1005.9,1278.0,0,363.8,366.8,403.2,5814.0
2020-01-08 ,09:00,9200.4,3013.7,1005.8,1277.0,0,364.0,366.9,796.4,5390.3
2020-01-08 ,10:00,9136.94,3012.4,1005.2,1276.0,0,364.3,366.9,937.9,5186.6
2020-01-08 ,11:00,9037.76,3011.2,1004.4,1275.0,0,364.6,367.2,1328.7,4697.8
2020-01-08 ,12:00,8671.43,3006.4,1002.6,1272.0,0,364.8,367.0,1629.3,4035.8
2020-01-08 ,13:00,8563.88,3005.9,1001.5,1272.0,0,365.3,367.1,819.0,4738.9
2020-01-08 ,14:00,8389.4,3002.9,1000.3,1270.0,0,365.4,367.2,686.9,4699.6
2020-01-08 ,15:00,8294.27,3003.7,1000.3,1271.0,0,365.3,367.1,-398.2,5290.6
2020-01-08 ,16:00,8434.22,2999.9,999.4,1268.0,0,365.3,367.2,-3460.1,5434.3
2020-01-08 ,17:00,8879.4,3001.9,1000.4,1269.0,0,365.3,367.2,-3902.3,5877.5
2020-01-08 ,18:00,8966.94,3002.7,1001.2,1269.0,0,365.4,367.1,-3424.7,5964.2
2020-01-08 ,19:00,8567.26,3003.2,1000.4,1270.0,0,365.5,367.3,-725.3,5564.1
2020-01-08 ,20:00,8109.01,3002.2,1001.0,1268.0,0,366.0,367.2,843.8,4263.0
2020-01-08 ,21:00,7661.35,3005.9,1003.2,1269.0,0,366.5,367.2,1068.2,3587.2
2020-01-08 ,22:00,7434.44,3005.5,1002.5,1269.0,0,366.9,367.1,1093.6,3335.3
2020-01-08 ,23:00,7105.53,3004.0,1002.1,1268.0,0,366.6,367.3,660.1,3441.4
2020-01-09 ,00:00,6919.23,3004.8,1001.9,1269.0,0,366.8,367.1,1554.5,2359.9
2020-01-09 ,01:00,6848.32,3004.4,1001.5,1269.0,0,366.6,367.3,2495.5,1348.5
2020-01-09 ,02:00,6898.61,3005.3,1001.5,1270.0,0,366.6,367.2,2617.5,1275.8
2020-01-09 ,03:00,6867.32,3004.5,1002.3,1269.0,0,366.0,367.2,2487.6,1375.2
2020-01-09 ,04:00,6745.67,3004.8,1002.6,1270.0,0,365.0,367.2,2129.1,1611.8
2020-01-09 ,05:00,6957.21,3003.7,1002.3,1270.0,0,364.3,367.1,-438.5,3953.5
2020-01-09 ,06:00,7845.82,3003.1,1001.4,1271.0,0,363.8,366.9,-581.7,4842.7
2020-01-09 ,07:00,8671.71,3003.9,1002.0,1271.0,0,364.0,366.9,-475.6,5667.8
2020-01-09 ,08:00,9028.12,3010.5,1007.9,1271.0,0,364.5,367.1,-1566.3,6017.6
2020-01-09 ,09:00,8981.1,3015.3,1013.3,1270.0,0,365.0,367.0,-2110.2,5965.8
2020-01-09 ,10:00,8895.5,3014.3,1011.9,1270.0,0,365.3,367.1,-2122.6,5881.2
2020-01-09 ,11:00,8786.52,3012.3,1012.4,1267.0,0,365.7,367.2,-2572.6,5774.2
2020-01-09 ,12:00,8387.66,3004.3,1010.9,1264.0,0,365.9,363.5,-991.1,5383.4
2020-01-09 ,13:00,8303.69,3000.8,1007.6,1261.0,0,366.2,366.0,-597.8,5302.9
2020-01-09 ,14:00,8145.83,2998.6,1007.0,1261.0,0,366.2,364.4,-1667.4,5147.2
2020-01-09 ,15:00,8103.49,2999.3,1006.7,1261.0,0,365.9,365.7,-2257.8,5104.2
2020-01-09 ,16:00,8267.83,3005.0,1010.1,1262.0,0,365.7,367.2,-3490.8,5262.8
2020-01-09 ,17:00,8751.23,3007.9,1010.2,1265.0,0,365.5,367.2,-3819.1,5743.3
2020-01-09 ,18:00,8887.11,3001.7,1002.0,1267.0,0,365.4,367.3,-3663.5,5885.4
2020-01-09 ,19:00,8546.58,3003.0,1002.0,1268.0,0,365.8,367.2,-2620.8,5543.6
2020-01-09 ,20:00,8070.29,3002.9,1000.7,1269.0,0,365.9,367.3,-3136.6,5067.4
2020-01-09 ,21:00,7618.17,3003.8,1001.8,1268.0,0,366.7,367.3,-356.7,4614.4
2020-01-09 ,22:00,7388.18,3007.2,1004.1,1269.0,0,366.9,367.2,1364.8,3016.2
2020-01-09 ,23:00,7066.52,3006.0,1004.0,1268.0,0,366.8,367.2,2147.9,1912.6
2020-01-10 ,00:00,6857.48,3006.6,1004.4,1268.0,0,367.0,367.2,2217.5,1633.3
2020-01-10 ,01:00,6919.51,3003.7,1003.5,1266.0,0,366.9,367.3,2535.4,1380.5
2020-01-10 ,02:00,6965.11,3000.8,999.8,1267.0,0,366.9,367.1,2784.1,1180.2
2020-01-10 ,03:00,7091.18,2998.2,997.7,1267.0,0,366.2,367.3,2597.5,1495.5
2020-01-10 ,04:00,6997.88,2997.6,998.9,1266.0,0,365.5,367.2,2176.3,1824.0
2020-01-10 ,05:00,6974.22,2997.8,999.9,1266.0,0,364.7,367.2,-635.4,3976.4
2020-01-10 ,06:00,7595.53,2998.0,1000.0,1266.0,0,364.8,367.2,-2601.5,4597.5
2020-01-10 ,07:00,8469.81,2998.1,1001.2,1265.0,0,364.8,367.1,-3253.6,5471.7
2020-01-10 ,08:00,8895.38,2998.9,1001.6,1265.0,0,365.2,367.1,-1840.8,5896.5
2020-01-10 ,09:00,8919.6,2996.7,1001.0,1263.0,0,365.5,367.2,-1212.4,5922.9
2020-01-10 ,10:00,8874.86,2990.3,999.1,1258.0,0,366.0,367.2,-162.2,5884.6
2020-01-10 ,11:00,8865.21,2988.0,998.7,1256.0,0,366.2,367.1,762.1,5115.1
2020-01-10 ,12:00,8479.93,2986.9,997.2,1256.0,0,366.3,367.4,1037.9,4455.2
2020-01-10 ,13:00,8349.17,2986.1,997.6,1255.0,0,366.2,367.3,629.8,4733.3
2020-01-10 ,14:00,8189.79,2986.6,998.0,1255.0,0,366.3,367.3,269.5,4933.7
2020-01-10 ,15:00,8099.67,2988.8,998.3,1257.0,0,366.2,367.3,-902.9,5110.9
2020-01-10 ,16:00,8143.74,2990.5,999.1,1258.0,0,366.2,367.2,-3444.6,5153.2
2020-01-10 ,17:00,8505.09,2990.4,999.3,1258.0,0,365.9,367.2,-3757.9,5514.7
2020-01-10 ,18:00,8572.41,2993.3,1001.0,1259.0,0,366.1,367.2,-3067.0,5579.1
2020-01-10 ,19:00,8259.97,2993.8,1000.2,1260.0,0,366.4,367.2,-1162.6,5266.2
2020-01-10 ,20:00,7841.37,2995.2,1000.4,1261.0,0,366.6,367.2,-187.1,4846.2
2020-01-10 ,21:00,7382.4,2996.8,1001.6,1261.0,0,367.0,367.2,1371.0,3014.6
2020-01-10 ,22:00,7258.34,2998.8,1001.4,1263.0,0,367.2,367.2,1813.3,2446.2
2020-01-10 ,23:00,7067.79,2999.3,1002.0,1263.0,0,367.1,367.2,1739.2,2329.2
2020-01-11 ,00:00,6852.15,3000.9,1002.6,1264.0,0,367.1,367.2,2325.9,1525.4
2020-01-11 ,01:00,7041.11,3002.4,1003.3,1265.0,0,366.9,367.2,2637.7,1401.0
2020-01-11 ,02:00,7131.46,3010.0,1009.2,1267.0,0,366.6,367.2,2843.2,1278.2
2020-01-11 ,03:00,7118.59,3014.3,1011.3,1270.0,0,365.9,367.1,2746.7,1357.6
2020-01-11 ,04:00,6962.15,3011.2,1008.0,1271.0,0,365.1,367.1,2630.2,1320.8
2020-01-11 ,05:00,6932.45,3006.4,1004.3,1270.0,0,364.8,367.3,2050.5,1875.5
2020-01-11 ,06:00,6862.74,3007.2,1004.4,1271.0,0,364.7,367.1,1404.6,2451.0
2020-01-11 ,07:00,6648.53,3006.2,1004.3,1270.0,0,364.8,367.1,1344.4,2298.0
2020-01-11 ,08:00,7062.5,3008.8,1004.4,1272.0,0,365.2,367.2,967.7,3086.0
2020-01-11 ,09:00,7379.63,3007.4,1006.0,1269.0,0,365.2,367.2,1217.9,3154.3
2020-01-11 ,10:00,7418.33,3004.0,1003.2,1268.0,0,365.6,367.2,1549.8,2864.5
2020-01-11 ,11:00,7338.75,3001.2,1003.3,1265.0,0,365.8,367.1,2134.6,2202.9
2020-01-11 ,12:00,7535.78,2999.0,1001.9,1264.0,0,366.0,367.1,2760.4,1776.4
2020-01-11 ,13:00,7627.34,3000.5,1003.1,1264.0,0,366.2,367.2,2517.3,2109.5
2020-01-11 ,14:00,7401.73,3004.2,1004.7,1266.0,0,366.2,367.3,1909.8,2487.7
2020-01-11 ,15:00,7176.04,3002.7,1004.6,1265.0,0,365.9,367.2,1538.6,2634.7
2020-01-11 ,16:00,7238.93,3001.6,1003.1,1266.0,0,365.4,367.1,1022.4,3215.0
2020-01-11 ,17:00,7840.93,3004.3,1003.9,1268.0,0,365.1,367.3,1067.4,3769.2
2020-01-11 ,18:00,8043.15,3006.5,1003.4,1271.0,0,365.0,367.1,944.5,4092.2
2020-01-11 ,19:00,7769.88,3013.5,1009.2,1272.0,0,365.1,367.2,1343.3,3413.1
2020-01-11 ,20:00,7426.92,3019.3,1013.1,1274.0,0,365.1,367.1,1610.4,2797.2
2020-01-11 ,21:00,7122.56,3014.5,1006.6,1275.0,0,365.8,367.1,1867.4,2240.6
2020-01-11 ,22:00,7116.41,3015.7,1006.7,1276.0,0,365.9,367.1,2637.9,1462.8
2020-01-11 ,23:00,7481.15,3016.3,1007.7,1276.0,0,365.5,367.1,2992.3,1472.6
2020-01-12 ,00:00,7519.4,3018.6,1008.9,1277.0,0,365.6,367.1,3046.2,1454.6
2020-01-12 ,01:00,7397.29,3020.9,1010.3,1278.0,0,365.4,367.2,3249.8,1126.6
2020-01-12 ,02:00,7528.07,3022.1,1012.1,1278.0,0,365.1,366.9,3419.2,1086.7
2020-01-12 ,03:00,7619.39,3018.5,1008.3,1278.0,0,365.0,367.2,3601.0,999.8
2020-01-12 ,04:00,7712.54,3019.0,1008.7,1279.0,0,364.3,367.0,3375.7,1317.8
2020-01-12 ,05:00,7561.54,3018.7,1008.7,1279.0,0,363.9,367.1,2918.4,1624.4
2020-01-12 ,06:00,7232.36,3018.0,1007.8,1279.0,0,364.1,367.1,2563.6,1650.7
2020-01-12 ,07:00,6917.5,3016.8,1006.6,1279.0,0,364.1,367.1,2388.7,1512.0
2020-01-12 ,08:00,7037.6,3015.6,1006.2,1278.0,0,364.3,367.1,2531.5,1490.5
2020-01-12 ,09:00,7368.56,3018.0,1009.4,1277.0,0,364.5,367.1,2537.4,1813.2
2020-01-12 ,10:00,7500.72,3008.6,1003.7,1273.0,0,364.8,367.1,2616.7,1875.5
2020-01-12 ,11:00,7515.25,3014.0,1008.0,1274.0,0,364.8,367.2,2732.7,1768.6
2020-01-12 ,12:00,7547.43,3013.4,1009.3,1272.0,0,364.9,367.2,2586.0,1948.1
2020-01-12 ,13:00,7386.61,3009.6,1005.0,1272.0,0,365.4,367.2,2593.0,1784.0
2020-01-12 ,14:00,7221.88,3006.9,1004.3,1270.0,0,365.4,367.2,2525.5,1689.4
2020-01-12 ,15:00,7117.37,3006.3,1003.7,1270.0,0,365.4,367.2,1980.6,2130.5
2020-01-12 ,16:00,6968.59,3005.0,1003.9,1269.0,0,365.0,367.1,1511.7,2451.9
2020-01-12 ,17:00,7579.85,3006.3,1004.1,1270.0,0,364.9,367.3,1404.0,3169.6
2020-01-12 ,18:00,7931.69,3010.1,1005.1,1273.0,0,364.8,367.2,1096.2,3825.4
2020-01-12 ,19:00,7684.68,3011.0,1006.2,1273.0,0,364.7,367.1,1330.0,3343.7
2020-01-12 ,20:00,7387.82,3020.3,1014.3,1274.0,0,364.9,367.1,1641.5,2726.0
2020-01-12 ,21:00,7119.04,3024.6,1015.8,1276.0,0,365.6,367.2,1597.2,2497.2
2020-01-12 ,22:00,7071.31,3024.2,1016.4,1275.0,0,365.7,367.1,2084.6,1962.5
2020-01-12 ,23:00,6980.54,3017.0,1008.4,1276.0,0,365.4,367.2,2424.2,1539.3
2020-01-13 ,00:00,7175.76,3017.2,1007.6,1277.0,0,365.5,367.1,2712.4,1446.2
2020-01-13 ,01:00,7232.66,3016.3,1006.7,1277.0,0,365.4,367.2,3051.2,1165.2
2020-01-13 ,02:00,7428.23,3015.9,1006.7,1277.0,0,365.0,367.2,3130.8,1281.5
2020-01-13 ,03:00,7378.71,3017.1,1008.4,1277.0,0,364.5,367.2,2955.0,1406.6
2020-01-13 ,04:00,7185.63,3014.2,1006.3,1277.0,0,363.8,367.1,2742.8,1428.6
2020-01-13 ,05:00,7341.19,3013.3,1005.8,1277.0,0,363.3,367.2,371.9,3956.0
2020-01-13 ,06:00,7932.08,3013.1,1005.9,1277.0,0,363.2,367.0,-731.2,4919.0
2020-01-13 ,07:00,8816.01,3012.5,1005.9,1276.0,0,363.5,367.1,-2677.6,5803.5
2020-01-13 ,08:00,9223.86,3014.3,1006.3,1277.0,0,363.8,367.2,-2112.7,6209.6
2020-01-13 ,09:00,9231.61,3012.5,1006.5,1275.0,0,364.0,367.0,-1040.9,6219.1
2020-01-13 ,10:00,9194.99,3013.8,1007.0,1275.0,0,364.6,367.2,-224.2,6181.2
2020-01-13 ,11:00,9196.5,3011.4,1005.4,1274.0,0,364.9,367.1,353.2,5831.9
2020-01-13 ,12:00,8803.38,3017.5,1013.4,1272.0,0,364.9,367.2,700.8,5085.1
2020-01-13 ,13:00,8758.07,3015.4,1013.3,1270.0,0,365.0,367.1,977.9,4764.8
2020-01-13 ,14:00,8583.48,3013.2,1011.5,1269.0,0,365.6,367.1,569.9,5000.4
2020-01-13 ,15:00,8467.67,3004.6,1004.1,1268.0,0,365.2,367.3,228.7,5234.4
2020-01-13 ,16:00,8579.25,3006.1,1005.1,1269.0,0,364.9,367.1,-47.0,5573.2
2020-01-13 ,17:00,9053.19,3009.1,1006.9,1270.0,0,364.8,367.4,669.7,5374.4
2020-01-13 ,18:00,9137.0,3011.1,1006.9,1272.0,0,364.7,367.5,1135.1,4990.8
2020-01-13 ,19:00,8726.26,3012.5,1007.1,1273.0,0,364.8,367.6,2048.5,3665.3
2020-01-13 ,20:00,8343.45,3012.9,1007.6,1273.0,0,364.8,367.5,2249.8,3080.8
2020-01-13 ,21:00,7993.64,3015.0,1007.3,1275.0,0,365.3,367.4,1869.0,3109.6
2020-01-13 ,22:00,7684.68,3016.4,1007.4,1276.0,0,365.5,367.5,2265.9,2402.4
2020-01-13 ,23:00,7467.37,3016.7,1008.0,1276.0,0,365.3,367.4,2422.7,2028.0
2020-01-14 ,00:00,7370.57,3020.5,1010.7,1277.0,0,365.3,367.5,3002.9,1347.2
2020-01-14 ,01:00,7528.73,3020.3,1011.5,1276.0,0,365.4,367.4,2887.3,1621.1
2020-01-14 ,02:00,7326.8,3019.4,1009.9,1277.0,0,365.0,367.5,2987.8,1319.6
2020-01-14 ,03:00,7337.27,3017.2,1008.4,1277.0,0,364.2,367.6,2718.9,1601.2
2020-01-14 ,04:00,7158.78,3017.6,1008.5,1278.0,0,363.6,367.5,2317.3,1823.9
2020-01-14 ,05:00,7254.4,3018.2,1008.5,1279.0,0,363.2,367.5,569.0,3667.2
2020-01-14 ,06:00,8167.34,3016.7,1008.3,1278.0,0,363.1,367.3,-1195.3,5150.6
2020-01-14 ,07:00,9001.93,3021.8,1012.4,1279.0,0,363.0,367.4,-1858.4,5980.1
2020-01-14 ,08:00,9396.0,3021.8,1011.4,1277.0,0,363.7,369.7,-2202.4,6374.2
2020-01-14 ,09:00,9271.66,3019.1,1008.3,1276.0,0,364.1,370.7,-1194.8,6252.6
2020-01-14 ,10:00,9143.91,3014.1,1008.9,1273.0,0,364.5,367.7,-35.1,6129.8
2020-01-14 ,11:00,9019.37,3008.1,1005.9,1270.0,0,364.7,367.5,345.2,5666.0
2020-01-14 ,12:00,8549.82,3002.7,1004.2,1266.0,0,365.1,367.4,236.1,5311.0
2020-01-14 ,13:00,8483.13,3000.9,1003.0,1265.0,0,365.4,367.5,259.2,5223.1
2020-01-14 ,14:00,8328.34,2997.9,1002.1,1263.0,0,365.4,367.4,67.4,5263.0
2020-01-14 ,15:00,8321.24,2998.7,1001.4,1264.0,0,365.7,367.6,-695.9,5322.5
2020-01-14 ,16:00,8435.0,2998.9,1001.8,1264.0,0,365.6,367.5,-2875.7,5436.1
2020-01-14 ,17:00,8840.72,3000.6,1001.4,1266.0,0,365.5,367.7,-1869.6,5840.1
2020-01-14 ,18:00,8963.73,3003.4,1001.7,1269.0,0,365.2,367.5,85.6,5874.7
2020-01-14 ,19:00,8587.08,3004.1,1002.1,1269.0,0,365.4,367.6,1099.4,4483.6
2020-01-14 ,20:00,8155.77,3005.6,1002.4,1270.0,0,365.6,367.6,1942.1,3208.0
2020-01-14 ,21:00,7706.1,3006.8,1004.0,1269.0,0,366.3,367.5,1257.4,3441.9
2020-01-14 ,22:00,7473.68,3008.9,1004.1,1271.0,0,366.2,367.6,1978.4,2486.4
2020-01-14 ,23:00,7185.87,3010.6,1004.1,1273.0,0,366.0,367.5,2255.2,1920.0
2020-01-15 ,00:00,7145.94,3011.2,1004.5,1273.0,0,366.2,367.5,2502.0,1632.7
2020-01-15 ,01:00,7213.53,3012.6,1004.9,1274.0,0,366.1,367.6,2803.6,1397.3
2020-01-15 ,02:00,7156.62,3013.8,1005.6,1275.0,0,365.7,367.5,2974.4,1168.5
2020-01-15 ,03:00,7275.44,3013.2,1005.4,1275.0,0,365.2,367.6,2714.4,1547.8
2020-01-15 ,04:00,7085.11,3014.4,1006.5,1276.0,0,364.3,367.6,2550.9,1519.8
2020-01-15 ,05:00,7328.44,3012.7,1005.9,1276.0,0,363.3,367.5,1720.8,2595.0
2020-01-15 ,06:00,8046.28,3013.2,1004.9,1278.0,0,363.0,367.3,475.2,4557.9
2020-01-15 ,07:00,8866.49,3012.2,1005.5,1276.0,0,363.3,367.4,-1442.4,5854.3
2020-01-15 ,08:00,9243.74,3015.2,1006.1,1278.0,0,363.7,367.4,-432.7,6228.5
2020-01-15 ,09:00,9137.37,3013.1,1006.4,1275.0,0,364.4,367.3,709.5,5414.8
2020-01-15 ,10:00,9023.3,3009.7,1004.9,1273.0,0,364.7,367.1,288.3,5725.3
2020-01-15 ,11:00,8926.83,3006.0,1003.6,1270.0,0,365.1,367.3,337.4,5583.4
2020-01-15 ,12:00,8497.37,3000.6,1001.6,1266.0,0,365.9,367.1,930.4,4566.4
2020-01-15 ,13:00,8379.16,2996.3,1000.9,1262.0,0,366.0,367.4,208.7,5174.2
2020-01-15 ,14:00,8201.92,2997.6,1004.2,1260.0,0,366.2,367.2,152.2,5052.1
2020-01-15 ,15:00,8136.44,3000.1,1006.6,1260.0,0,366.2,367.3,106.2,5030.1
2020-01-15 ,16:00,8233.09,2994.1,999.9,1261.0,0,365.8,367.4,-2201.8,5239.0
2020-01-15 ,17:00,8670.47,2996.3,1000.4,1263.0,0,365.6,367.3,-3466.3,5674.2
2020-01-15 ,18:00,8847.57,2997.9,1000.1,1265.0,0,365.4,367.4,-2562.0,5849.7
2020-01-15 ,19:00,8480.53,3001.9,1001.2,1268.0,0,365.4,367.3,-1520.8,5478.6
2020-01-15 ,20:00,8069.9,3002.3,1001.4,1268.0,0,365.6,367.3,-354.7,5067.6
2020-01-15 ,21:00,7614.54,3004.8,1002.2,1269.0,0,366.3,367.3,-1907.2,4609.7
2020-01-15 ,22:00,7401.28,3005.9,1003.2,1269.0,0,366.5,367.2,1027.4,3368.0
2020-01-15 ,23:00,7123.02,3007.1,1003.4,1270.0,0,366.5,367.2,914.6,3201.3
2020-01-16 ,00:00,6858.96,3007.4,1003.4,1270.0,0,366.6,367.4,2374.7,1476.8
2020-01-16 ,01:00,6922.76,3006.7,1002.9,1270.0,0,366.6,367.2,2425.9,1490.2
2020-01-16 ,02:00,6902.27,3006.0,1003.6,1269.0,0,366.2,367.2,2812.2,1084.1
2020-01-16 ,03:00,7071.14,3006.2,1003.6,1270.0,0,365.3,367.3,2252.4,1812.5
2020-01-16 ,04:00,6715.55,3004.9,1003.2,1270.0,0,364.5,367.2,1524.5,2186.2
2020-01-16 ,05:00,6949.52,3003.9,1002.7,1270.0,0,363.9,367.3,-1340.9,3945.6
2020-01-16 ,06:00,7914.27,3006.0,1003.7,1271.0,0,364.1,367.2,-2087.4,4908.3
2020-01-16 ,07:00,8741.54,3005.2,1004.2,1270.0,0,363.7,367.3,-2090.0,5736.3
2020-01-16 ,08:00,9175.06,3009.1,1007.0,1271.0,0,364.0,367.1,-1815.4,6166.0
2020-01-16 ,09:00,9087.31,3013.8,1012.7,1269.0,0,364.9,367.2,-1681.8,6073.5
2020-01-16 ,10:00,9004.79,3009.0,1010.4,1266.0,0,365.3,367.3,-1434.3,5995.8
2020-01-16 ,11:00,8859.27,3005.1,1010.1,1262.0,0,365.8,367.2,-536.5,5854.2
2020-01-16 ,12:00,8423.73,3000.2,1008.7,1261.0,0,363.2,367.3,-25.3,5423.5
2020-01-16 ,13:00,8333.9,2997.1,1006.3,1258.0,0,365.5,367.3,46.8,5290.0
2020-01-16 ,14:00,8182.3,2993.7,1003.8,1257.0,0,365.5,367.4,-1336.5,5188.6
2020-01-16 ,15:00,8124.47,2987.0,998.4,1256.0,0,365.4,367.2,-1947.2,5137.5
2020-01-16 ,16:00,8345.23,2989.8,997.1,1260.0,0,365.5,367.2,-2622.7,5355.4
2020-01-16 ,17:00,8772.63,2993.7,999.4,1262.0,0,365.1,367.2,-3047.3,5778.9
2020-01-16 ,18:00,8956.83,3000.2,1002.7,1265.0,0,365.2,367.3,-1456.2,5956.6
2020-01-16 ,19:00,8638.5,3003.2,1003.8,1267.0,0,365.2,367.2,406.5,5228.8
2020-01-16 ,20:00,8177.09,3005.5,1004.9,1268.0,0,365.4,367.2,1098.9,4072.7
2020-01-16 ,21:00,7751.65,3008.5,1005.2,1270.0,0,366.1,367.2,827.2,3916.0
2020-01-16 ,22:00,7566.69,3009.1,1004.8,1271.0,0,366.2,367.1,1878.1,2679.5
2020-01-16 ,23:00,7271.32,3010.1,1005.1,1272.0,0,365.9,367.1,876.1,3385.1
2020-01-17 ,00:00,7059.24,3010.2,1005.2,1272.0,0,365.8,367.2,1649.2,2399.8
2020-01-17 ,01:00,6956.42,3013.4,1005.6,1275.0,0,365.6,367.2,2662.8,1280.2
2020-01-17 ,02:00,7404.88,3012.5,1004.9,1275.0,0,365.5,367.1,3279.8,1112.6
2020-01-17 ,03:00,7414.63,3014.6,1005.6,1277.0,0,364.8,367.2,2920.6,1479.5
2020-01-17 ,04:00,7207.01,3013.2,1006.2,1276.0,0,363.9,367.1,2014.6,2179.2
2020-01-17 ,05:00,7131.78,3013.1,1005.6,1277.0,0,363.3,367.2,519.6,3599.0
2020-01-17 ,06:00,8005.83,3012.9,1004.6,1278.0,0,363.3,367.0,196.8,4796.1
2020-01-17 ,07:00,8921.16,3014.2,1005.7,1278.0,0,363.4,367.1,52.9,5854.0
2020-01-17 ,08:00,9310.41,3013.0,1005.1,1277.0,0,363.8,367.1,260.4,6037.0
2020-01-17 ,09:00,9238.39,3011.9,1004.4,1276.0,0,364.3,367.2,340.7,5885.8
2020-01-17 ,10:00,9218.39,3018.2,1013.5,1273.0,0,364.6,367.1,837.9,5362.3
2020-01-17 ,11:00,9193.77,3009.4,1005.5,1272.0,0,364.8,367.1,1333.6,4850.8
2020-01-17 ,12:00,8821.01,3010.0,1007.2,1271.0,0,364.7,367.1,1561.3,4249.7
2020-01-17 ,13:00,9013.13,3008.9,1006.0,1271.0,0,364.6,367.3,1358.2,4646.0
2020-01-17 ,14:00,8742.71,3002.7,1001.8,1269.0,0,364.7,367.2,1057.4,4682.6
2020-01-17 ,15:00,8596.57,3004.2,1002.5,1270.0,0,364.6,367.1,1066.3,4526.1
2020-01-17 ,16:00,8574.37,3002.5,1001.6,1269.0,0,364.7,367.2,-1085.3,5571.9
2020-01-17 ,17:00,8806.67,3005.2,1004.2,1269.0,0,364.8,367.2,-595.6,5801.5
2020-01-17 ,18:00,8798.2,3004.1,1004.2,1268.0,0,364.9,367.0,-188.4,5794.1
2020-01-17 ,19:00,8450.41,3002.9,1002.4,1268.0,0,365.2,367.3,1274.0,4173.5
2020-01-17 ,20:00,7980.62,3000.9,1002.4,1266.0,0,365.4,367.1,1356.2,3623.5
2020-01-17 ,21:00,7553.02,3002.1,1002.5,1266.0,0,366.3,367.3,1087.1,3463.8
2020-01-17 ,22:00,7431.05,2999.8,1002.0,1264.0,0,366.6,367.2,1893.7,2537.5
2020-01-17 ,23:00,7173.56,2999.0,1001.7,1264.0,0,366.1,367.2,1625.1,2549.5
2020-01-18 ,00:00,6978.01,2999.5,1000.9,1265.0,0,366.3,367.3,2081.7,1896.8
2020-01-18 ,01:00,6969.98,2999.3,1001.6,1264.0,0,366.4,367.3,2018.2,1952.5
2020-01-18 ,02:00,7018.9,2999.4,1001.9,1264.0,0,366.2,367.3,2536.5,1483.0
2020-01-18 ,03:00,7024.72,3001.0,1003.1,1265.0,0,365.7,367.2,2504.4,1519.3
2020-01-18 ,04:00,6966.6,3000.2,1002.2,1266.0,0,364.8,367.2,2130.1,1836.3
2020-01-18 ,05:00,6934.51,3000.1,1002.5,1266.0,0,364.4,367.2,1211.0,2723.4
2020-01-18 ,06:00,6853.57,3000.5,1003.1,1266.0,0,364.3,367.1,587.2,3265.8
2020-01-18 ,07:00,6857.68,3001.9,1003.1,1267.0,0,364.4,367.4,287.0,3568.8
2020-01-18 ,08:00,7216.83,3004.6,1003.6,1269.0,0,364.7,367.3,482.6,3729.6
2020-01-18 ,09:00,7515.61,3003.7,1003.7,1268.0,0,364.7,367.3,950.8,3561.1
2020-01-18 ,10:00,7574.44,3005.0,1004.7,1268.0,0,365.1,367.2,32.2,4537.2
2020-01-18 ,11:00,7510.24,3004.9,1004.5,1268.0,0,365.2,367.2,1080.3,3425.1
2020-01-18 ,12:00,7560.48,3003.2,1004.3,1266.0,0,365.6,367.3,1442.5,3114.8
2020-01-18 ,13:00,7401.13,3004.1,1004.1,1267.0,0,365.7,367.3,1363.2,3033.8
2020-01-18 ,14:00,7274.43,3004.3,1003.5,1268.0,0,365.5,367.3,1337.8,2932.4
2020-01-18 ,15:00,7207.29,3004.4,1002.9,1269.0,0,365.3,367.2,481.3,3721.6
2020-01-18 ,16:00,7443.2,3005.0,1003.7,1269.0,0,365.1,367.2,-126.0,4438.2
2020-01-18 ,17:00,7986.57,3003.0,1001.8,1269.0,0,365.0,367.2,-239.9,4983.6
2020-01-18 ,18:00,8159.48,3003.2,1001.9,1269.0,0,365.0,367.3,-412.8,5156.3
2020-01-18 ,19:00,7901.66,3005.8,1003.8,1270.0,0,365.0,367.0,1060.7,3835.1
2020-01-18 ,20:00,7628.64,3008.8,1005.4,1271.0,0,365.2,367.2,1252.7,3367.1
2020-01-18 ,21:00,7217.78,3010.9,1006.2,1272.0,0,365.6,367.1,1356.7,2850.1
2020-01-18 ,22:00,7205.53,3012.6,1006.8,1273.0,0,365.6,367.2,1980.8,2212.1
2020-01-18 ,23:00,7264.8,3014.2,1006.8,1275.0,0,365.3,367.1,2353.3,1897.3
2020-01-19 ,00:00,7312.1,3014.7,1007.1,1275.0,0,365.4,367.2,2859.9,1437.5
2020-01-19 ,01:00,7623.26,3015.7,1006.7,1276.0,0,365.8,367.2,3439.7,1167.9
2020-01-19 ,02:00,7919.77,3017.0,1007.3,1277.0,0,365.5,367.2,3566.9,1335.9
2020-01-19 ,03:00,7866.93,3017.1,1007.3,1278.0,0,364.7,367.1,3453.2,1396.6
2020-01-19 ,04:00,7848.57,3017.1,1007.0,1279.0,0,363.9,367.2,3318.3,1513.1
2020-01-19 ,05:00,7713.47,3015.8,1007.4,1278.0,0,363.3,367.1,2719.1,1978.6
2020-01-19 ,06:00,7363.72,3017.7,1007.9,1279.0,0,363.6,367.2,2046.0,2300.0
2020-01-19 ,07:00,7123.72,3017.8,1007.7,1279.0,0,363.9,367.2,2049.0,2056.9
2020-01-19 ,08:00,7295.12,3017.3,1007.8,1278.0,0,364.3,367.2,1928.3,2349.5
2020-01-19 ,09:00,7217.82,3015.8,1007.1,1277.0,0,364.5,367.2,1946.2,2255.8
2020-01-19 ,10:00,7494.24,3016.1,1007.0,1277.0,0,364.9,367.2,1933.8,2544.4
2020-01-19 ,11:00,7340.64,3015.6,1007.4,1276.0,0,365.0,367.2,2148.0,2177.0
2020-01-19 ,12:00,7466.51,3012.3,1006.9,1273.0,0,365.3,367.1,2318.9,2135.3
2020-01-19 ,13:00,7411.12,3011.2,1006.5,1272.0,0,365.4,367.3,2162.6,2237.4
2020-01-19 ,14:00,7279.12,3009.6,1006.1,1271.0,0,365.3,367.2,2187.2,2082.3
2020-01-19 ,15:00,7191.95,3010.5,1006.4,1272.0,0,364.9,367.2,1849.4,2332.1
2020-01-19 ,16:00,7410.9,3009.4,1006.5,1271.0,0,364.7,367.2,688.4,3713.1
2020-01-19 ,17:00,7869.41,3010.3,1006.4,1272.0,0,364.7,367.2,-461.2,4859.1
2020-01-19 ,18:00,8153.74,3010.6,1006.7,1272.0,0,364.8,367.1,-361.5,5143.1
2020-01-19 ,19:00,7917.83,3010.6,1006.9,1272.0,0,364.5,367.2,1198.6,3708.6
2020-01-19 ,20:00,7620.31,3010.7,1006.8,1272.0,0,364.7,367.2,1743.1,2866.5
2020-01-19 ,21:00,7289.31,3012.9,1007.1,1273.0,0,365.5,367.3,1954.4,2322.0
2020-01-19 ,22:00,7309.02,3013.5,1007.7,1273.0,0,365.7,367.1,3360.6,934.9
2020-01-19 ,23:00,8010.85,3014.3,1007.5,1274.0,0,365.7,367.1,3717.5,1279.0
2020-01-20 ,00:00,8086.58,3014.1,1007.6,1274.0,0,365.4,367.1,3667.3,1405.2
2020-01-20 ,01:00,7995.09,3015.5,1008.1,1275.0,0,365.2,367.2,3948.7,1030.9
2020-01-20 ,02:00,8134.76,3015.2,1008.3,1275.0,0,364.7,367.2,3991.8,1127.8
2020-01-20 ,03:00,8113.82,3018.8,1012.8,1274.0,0,364.8,367.2,3904.6,1190.4
2020-01-20 ,04:00,8030.6,3017.6,1013.4,1273.0,0,364.1,367.1,3859.0,1154.0
2020-01-20 ,05:00,8309.44,3018.0,1013.4,1274.0,0,363.5,367.1,164.9,5126.6
2020-01-20 ,06:00,8215.62,3010.5,1005.9,1274.0,0,363.4,367.2,-1629.1,5205.1
2020-01-20 ,07:00,9042.1,3010.2,1006.6,1273.0,0,363.6,367.0,-3361.9,6031.9
2020-01-20 ,08:00,9527.0,3013.1,1009.1,1273.0,0,363.7,367.3,-2971.6,6513.9
2020-01-20 ,09:00,9535.94,3014.0,1009.0,1274.0,0,364.0,367.0,-2493.5,6521.9
2020-01-20 ,10:00,9472.12,3012.9,1008.6,1273.0,0,364.2,367.1,-1588.1,6459.2
2020-01-20 ,11:00,9328.05,3010.5,1006.8,1272.0,0,364.5,367.2,-567.9,6317.5
2020-01-20 ,12:00,8975.32,3008.6,1005.8,1271.0,0,364.6,367.2,-606.4,5966.7
2020-01-20 ,13:00,8953.69,3007.6,1005.7,1270.0,0,364.8,367.1,-82.2,5946.1
2020-01-20 ,14:00,8842.53,3008.2,1006.4,1270.0,0,364.7,367.1,255.2,5579.2
2020-01-20 ,15:00,8783.48,3008.8,1005.7,1271.0,0,365.0,367.1,21.0,5753.7
2020-01-20 ,16:00,8881.06,3008.9,1005.8,1271.0,0,364.8,367.3,-2259.3,5872.2
2020-01-20 ,17:00,9220.43,3010.7,1005.6,1273.0,0,365.0,367.1,-2812.5,6209.7
2020-01-20 ,18:00,9384.45,3015.6,1010.5,1273.0,0,364.9,367.2,-2196.5,6368.8
2020-01-20 ,19:00,9014.5,3022.7,1016.4,1274.0,0,365.2,367.1,-1027.1,5991.8
2020-01-20 ,20:00,8543.17,3020.0,1013.5,1274.0,0,365.2,367.3,528.7,4994.5
2020-01-20 ,21:00,8159.9,3016.8,1006.8,1277.0,0,365.9,367.1,997.7,4145.4
2020-01-20 ,22:00,8076.54,3016.3,1007.2,1276.0,0,365.8,367.3,2720.8,2339.4
2020-01-20 ,23:00,8156.25,3016.5,1007.5,1277.0,0,364.8,367.2,3596.2,1543.6
2020-01-21 ,00:00,8417.15,3017.0,1007.5,1277.0,0,365.3,367.2,3795.6,1604.6
2020-01-21 ,01:00,8381.53,3017.3,1008.1,1277.0,0,365.1,367.1,3705.7,1658.5
2020-01-21 ,02:00,8495.6,3016.9,1006.9,1278.0,0,364.8,367.2,4018.0,1460.7
2020-01-21 ,03:00,8351.87,3017.0,1007.7,1278.0,0,364.2,367.1,3792.0,1542.9
2020-01-21 ,04:00,8131.81,3018.0,1007.6,1280.0,0,363.2,367.2,3134.6,1979.2
2020-01-21 ,05:00,8052.65,3017.3,1007.5,1280.0,0,362.7,367.1,-79.5,5035.3
2020-01-21 ,06:00,8480.33,3018.0,1008.4,1280.0,0,362.4,367.2,-2269.2,5462.3
2020-01-21 ,07:00,9327.3,3019.0,1008.2,1281.0,0,362.8,367.0,-3332.5,6308.3
2020-01-21 ,08:00,9689.15,3022.2,1008.0,1282.0,0,365.4,366.8,-3033.0,6667.0
2020-01-21 ,09:00,9678.75,3019.1,1007.4,1278.0,0,366.8,366.9,-1742.9,6659.6
2020-01-21 ,10:00,9550.9,3016.9,1007.5,1278.0,0,364.2,367.2,-2023.3,6534.0
2020-01-21 ,11:00,9389.96,3015.8,1007.6,1277.0,0,364.2,367.0,-1080.5,6374.2
2020-01-21 ,12:00,9009.72,3014.6,1007.2,1276.0,0,364.4,367.0,-750.8,5995.1
2020-01-21 ,13:00,8960.69,3013.7,1007.1,1275.0,0,364.5,367.1,-1649.5,5947.0
2020-01-21 ,14:00,8780.54,3010.7,1005.9,1273.0,0,364.6,367.2,-2530.2,5769.8
2020-01-21 ,15:00,8724.56,3009.3,1005.7,1272.0,0,364.5,367.1,-1706.3,5715.3
2020-01-21 ,16:00,8828.71,3011.8,1005.8,1275.0,0,363.7,367.3,-2300.6,5816.9
2020-01-21 ,17:00,9235.44,3013.2,1006.2,1276.0,0,363.9,367.1,-3127.2,6222.2
2020-01-21 ,18:00,9407.36,3014.1,1006.0,1277.0,0,363.9,367.2,-2694.4,6393.3
2020-01-21 ,19:00,9023.45,3015.7,1006.6,1278.0,0,363.9,367.2,-989.4,6007.8
2020-01-21 ,20:00,8575.72,3016.6,1007.2,1278.0,0,364.3,367.1,-137.9,5559.1
2020-01-21 ,21:00,8151.82,3017.5,1007.4,1278.0,0,365.0,367.1,1197.9,3936.4
2020-01-21 ,22:00,7954.3,3018.5,1007.1,1279.0,0,365.2,367.2,2888.6,2047.2
2020-01-21 ,23:00,8361.67,3018.1,1007.1,1279.0,0,364.9,367.1,2774.0,2569.6
2020-01-22 ,00:00,8053.87,3023.6,1011.9,1280.0,0,364.6,367.1,2827.3,2203.0
2020-01-22 ,01:00,7812.67,3022.4,1010.7,1280.0,0,364.6,367.1,2778.1,2012.2
2020-01-22 ,02:00,7727.17,3023.8,1012.3,1280.0,0,364.4,367.1,2419.2,2284.2
2020-01-22 ,03:00,7621.28,3030.5,1019.2,1280.0,0,364.1,367.2,2121.5,2469.3
2020-01-22 ,04:00,7356.86,3030.2,1019.4,1280.0,0,363.7,367.1,1481.9,2844.7
2020-01-22 ,05:00,7680.07,3028.5,1018.6,1280.0,0,362.9,367.0,-1522.7,4651.6
2020-01-22 ,06:00,8340.89,3027.4,1017.6,1280.0,0,362.9,366.9,-2891.4,5313.5
2020-01-22 ,07:00,9227.55,3028.6,1017.6,1281.0,0,362.9,367.1,-3633.8,6198.9
2020-01-22 ,08:00,9632.37,3027.1,1017.8,1279.0,0,363.3,367.0,-3756.5,6605.3
2020-01-22 ,09:00,9654.72,3029.3,1017.9,1281.0,0,363.4,367.0,-3779.1,6625.4
2020-01-22 ,10:00,9617.32,3026.9,1017.1,1279.0,0,363.6,367.2,-3972.6,6590.4
2020-01-22 ,11:00,9507.04,3020.1,1009.4,1280.0,0,363.7,367.0,-4212.4,6486.9
2020-01-22 ,12:00,9168.23,3019.6,1008.7,1280.0,0,363.8,367.1,-3287.2,6148.6
2020-01-22 ,13:00,9074.88,3019.0,1010.1,1278.0,0,363.8,367.1,-2925.9,6055.9
2020-01-22 ,14:00,8938.53,3020.0,1011.1,1278.0,0,363.8,367.1,-2776.2,5918.5
2020-01-22 ,15:00,8833.07,3014.7,1007.5,1276.0,0,364.0,367.2,-3259.5,5818.4
2020-01-22 ,16:00,8940.36,3016.0,1007.9,1277.0,0,363.9,367.2,-3721.1,5924.4
2020-01-22 ,17:00,9279.24,3017.0,1007.9,1278.0,0,364.0,367.1,-3986.2,6262.2
2020-01-22 ,18:00,9403.74,3016.7,1007.6,1278.0,0,364.0,367.1,-3886.3,6387.0
2020-01-22 ,19:00,9039.66,3017.2,1007.9,1278.0,0,364.1,367.2,-2212.2,6022.5
2020-01-22 ,20:00,8550.79,3017.6,1008.0,1278.0,0,364.4,367.2,-1440.4,5533.2
2020-01-22 ,21:00,8094.76,3018.9,1008.3,1278.0,0,365.4,367.2,-764.8,5075.9
2020-01-22 ,22:00,7912.47,3018.9,1008.2,1278.0,0,365.5,367.2,1149.2,3744.4
2020-01-22 ,23:00,7829.59,3019.6,1009.0,1278.0,0,365.5,367.1,2934.2,1875.8
2020-01-23 ,00:00,8568.61,3020.4,1008.9,1279.0,0,365.3,367.2,2209.9,3338.3
2020-01-23 ,01:00,8413.04,3020.2,1008.5,1279.0,0,365.4,367.3,3046.6,2346.2
2020-01-23 ,02:00,8394.58,3019.7,1008.3,1279.0,0,365.1,367.3,3230.8,2144.1
2020-01-23 ,03:00,8284.24,3018.4,1008.2,1279.0,0,364.0,367.2,2952.7,2313.1
2020-01-23 ,04:00,8040.86,3019.9,1009.2,1280.0,0,363.5,367.2,1742.0,3279.0
2020-01-23 ,05:00,8252.25,3017.9,1007.9,1280.0,0,362.9,367.1,-1177.5,5234.4
2020-01-23 ,06:00,8293.42,3017.0,1007.1,1280.0,0,362.7,367.2,-3024.4,5276.4
2020-01-23 ,07:00,9219.42,3017.8,1008.1,1280.0,0,362.6,367.1,-3567.5,6201.6
2020-01-23 ,08:00,9700.96,3017.7,1007.5,1280.0,0,363.2,367.0,-3437.8,6683.3
2020-01-23 ,09:00,9811.48,3017.5,1008.1,1279.0,0,363.4,367.0,-3305.4,6794.0
2020-01-23 ,10:00,9831.62,3016.6,1005.8,1280.0,0,363.7,367.1,-2971.3,6815.0
2020-01-23 ,11:00,9744.24,3016.7,1005.9,1280.0,0,363.7,367.1,-2765.4,6727.5
2020-01-23 ,12:00,9475.17,3011.8,1006.9,1278.0,0,363.7,363.2,-1311.9,6463.4
2020-01-23 ,13:00,9480.38,3014.2,1008.0,1277.0,0,363.5,365.7,-850.2,6466.2
2020-01-23 ,14:00,9310.8,3012.0,1006.6,1276.0,0,363.9,365.5,-1674.2,6298.8
2020-01-23 ,15:00,9219.86,3012.8,1006.9,1275.0,0,364.1,366.8,-3038.0,6207.1
2020-01-23 ,16:00,9235.11,3013.4,1007.3,1275.0,0,363.9,367.2,-3318.1,6221.7
2020-01-23 ,17:00,9384.42,3015.8,1007.6,1277.0,0,363.9,367.3,-3591.8,6368.6
2020-01-23 ,18:00,9429.49,3014.4,1007.2,1276.0,0,364.1,367.1,-3258.8,6415.1
2020-01-23 ,19:00,9080.88,3017.0,1007.5,1278.0,0,364.2,367.3,-3005.7,6063.9
2020-01-23 ,20:00,8626.84,3017.0,1007.3,1278.0,0,364.5,367.2,-1895.2,5609.8
2020-01-23 ,21:00,8161.83,3018.4,1007.7,1278.0,0,365.5,367.2,-1238.1,5143.4
2020-01-23 ,22:00,7996.11,3017.9,1007.9,1277.0,0,365.7,367.3,1431.3,3546.9
2020-01-23 ,23:00,8534.9,3018.6,1007.9,1278.0,0,365.5,367.2,1401.7,4114.6
2020-01-24 ,00:00,8352.67,3017.5,1007.8,1277.0,0,365.4,367.3,1383.6,3951.5
2020-01-24 ,01:00,8230.55,3017.6,1007.9,1277.0,0,365.4,367.3,625.9,4587.1
2020-01-24 ,02:00,8070.31,3018.6,1008.1,1278.0,0,365.2,367.3,838.5,4213.2
2020-01-24 ,03:00,7995.25,3018.6,1009.0,1278.0,0,364.5,367.1,1254.0,3722.7
2020-01-24 ,04:00,7868.18,3016.8,1008.5,1277.0,0,364.0,367.3,-207.5,4851.4
2020-01-24 ,05:00,8205.96,3017.4,1011.0,1276.0,0,363.3,367.1,-2542.2,5188.6
2020-01-24 ,06:00,8267.42,3021.9,1013.8,1278.0,0,363.2,366.9,-2715.9,5245.5
2020-01-24 ,07:00,9135.02,3015.8,1008.4,1277.0,0,363.3,367.1,-3256.6,6119.2
2020-01-24 ,08:00,9611.29,3017.0,1009.1,1277.0,0,363.7,367.2,-3144.5,6594.3
2020-01-24 ,09:00,9628.24,3015.6,1007.7,1277.0,0,363.7,367.2,-2248.5,6612.6
2020-01-24 ,10:00,9589.86,3014.2,1006.0,1277.0,0,364.0,367.2,-2095.3,6575.7
2020-01-24 ,11:00,9459.03,3014.8,1006.4,1277.0,0,364.2,367.2,-2033.4,6444.2
2020-01-24 ,12:00,9127.54,3014.6,1005.8,1277.0,0,364.5,367.3,-2120.5,6112.9
2020-01-24 ,13:00,9001.45,3013.4,1005.7,1276.0,0,364.6,367.1,-2364.6,5988.1
2020-01-24 ,14:00,8760.12,3009.6,1004.5,1273.0,0,364.8,367.3,-2564.4,5750.5
2020-01-24 ,15:00,8632.5,3010.3,1005.4,1273.0,0,364.8,367.1,-2553.8,5622.2
2020-01-24 ,16:00,8622.24,3008.3,1004.8,1272.0,0,364.3,367.2,-2745.9,5613.9
2020-01-24 ,17:00,9005.88,3009.4,1004.7,1273.0,0,364.3,367.4,-2863.4,5996.5
2020-01-24 ,18:00,9090.76,3009.9,1004.6,1274.0,0,364.1,367.2,-2605.6,6080.9
2020-01-24 ,19:00,8779.48,3010.4,1004.8,1274.0,0,364.3,367.3,-2227.8,5769.1
2020-01-24 ,20:00,8313.36,3012.9,1006.2,1275.0,0,364.5,367.2,-1804.5,5300.5
2020-01-24 ,21:00,7879.41,3014.2,1006.5,1275.0,0,365.4,367.3,-1209.3,4865.2
2020-01-24 ,22:00,7736.39,3015.5,1006.9,1276.0,0,365.4,367.2,-367.6,4720.9
2020-01-24 ,23:00,7527.76,3014.6,1005.9,1276.0,0,365.3,367.4,364.4,4148.8
2020-01-25 ,00:00,7379.77,3015.0,1006.4,1276.0,0,365.4,367.2,1433.2,2931.6
2020-01-25 ,01:00,7462.16,3016.1,1006.5,1277.0,0,365.5,367.1,2752.4,1693.7
2020-01-25 ,02:00,7656.21,3016.2,1006.6,1277.0,0,365.3,367.3,2548.0,2092.0
2020-01-25 ,03:00,7628.78,3014.1,1006.3,1276.0,0,364.5,367.3,2536.1,2078.6
2020-01-25 ,04:00,7503.6,3014.8,1006.5,1277.0,0,364.1,367.2,1416.9,3071.9
2020-01-25 ,05:00,7241.98,3013.3,1006.5,1276.0,0,363.4,367.4,138.9,4089.7
2020-01-25 ,06:00,6878.05,3014.9,1007.1,1277.0,0,363.6,367.2,-735.9,3863.2
2020-01-25 ,07:00,7036.36,3016.0,1006.9,1278.0,0,363.8,367.3,-1181.1,4020.4
2020-01-25 ,08:00,7451.31,3016.2,1007.1,1278.0,0,363.8,367.3,-2697.2,4435.1
2020-01-25 ,09:00,7799.44,3015.3,1007.0,1277.0,0,364.0,367.3,-3062.0,4784.1
2020-01-25 ,10:00,7852.0,3016.3,1006.6,1278.0,0,364.4,367.3,-3163.9,4835.7
2020-01-25 ,11:00,7740.19,3015.5,1006.6,1277.0,0,364.5,367.4,-2460.9,4724.7
2020-01-25 ,12:00,7718.1,3015.2,1007.0,1276.0,0,364.9,367.3,-562.2,4702.9
2020-01-25 ,13:00,7571.28,3013.2,1007.0,1274.0,0,364.9,367.3,-217.9,4558.1
2020-01-25 ,14:00,7385.56,3013.8,1008.6,1273.0,0,364.8,367.4,23.0,4348.7
2020-01-25 ,15:00,7305.06,3011.3,1006.5,1273.0,0,364.5,367.3,-1063.7,4293.8
2020-01-25 ,16:00,7437.36,3011.2,1006.4,1273.0,0,364.4,367.4,-3104.1,4426.2
2020-01-25 ,17:00,7940.55,3012.6,1006.1,1275.0,0,364.3,367.2,-3643.5,4928.0
2020-01-25 ,18:00,8247.26,3011.5,1005.8,1274.0,0,364.4,367.3,-2769.7,5235.8
2020-01-25 ,19:00,7912.3,3013.0,1006.0,1275.0,0,364.6,367.4,-1477.6,4899.3
2020-01-25 ,20:00,7577.43,3014.1,1006.0,1276.0,0,364.9,367.2,-452.9,4563.3
2020-01-25 ,21:00,7234.55,3015.0,1007.2,1275.0,0,365.5,367.3,-738.0,4219.6
2020-01-25 ,22:00,7206.43,3017.7,1007.8,1277.0,0,365.7,367.2,1970.4,2218.3
2020-01-25 ,23:00,7799.37,3016.3,1007.4,1276.0,0,365.7,367.2,1831.1,2952.0
2020-01-26 ,00:00,7724.4,3017.2,1007.9,1276.0,0,366.0,367.3,3093.5,1613.7
2020-01-26 ,01:00,7670.04,3016.4,1007.6,1276.0,0,365.6,367.2,3343.3,1310.3
2020-01-26 ,02:00,7659.74,3017.4,1007.3,1277.0,0,365.7,367.4,3570.7,1071.6
2020-01-26 ,03:00,7681.29,3017.9,1008.4,1277.0,0,365.3,367.2,3409.6,1253.8
2020-01-26 ,04:00,7450.32,3016.8,1008.0,1277.0,0,364.5,367.3,3335.8,1097.7
2020-01-26 ,05:00,7363.98,3016.7,1008.3,1277.0,0,364.1,367.3,2790.1,1557.2
2020-01-26 ,06:00,7254.33,3015.6,1008.3,1276.0,0,364.0,367.3,2372.0,1866.7
2020-01-26 ,07:00,7166.16,3019.3,1010.8,1277.0,0,364.2,367.3,2139.9,2006.9
2020-01-26 ,08:00,7364.29,3023.3,1015.6,1276.0,0,364.4,367.3,1746.1,2594.9
2020-01-26 ,09:00,7470.0,3024.4,1015.5,1277.0,0,364.6,367.3,1423.7,3021.9
2020-01-26 ,10:00,7565.41,3018.2,1011.2,1275.0,0,364.8,367.2,1055.4,3491.8
2020-01-26 ,11:00,7406.09,3015.2,1008.0,1275.0,0,364.9,367.3,1077.2,3313.7
2020-01-26 ,12:00,7577.91,3013.7,1007.3,1274.0,0,365.1,367.3,2229.9,2334.3
2020-01-26 ,13:00,7471.88,3010.1,1006.5,1271.0,0,365.3,367.3,2158.9,2302.9
2020-01-26 ,14:00,7281.37,3008.4,1004.7,1271.0,0,365.5,367.2,2149.9,2123.1
2020-01-26 ,15:00,7281.56,3006.5,1004.0,1270.0,0,365.1,367.4,1596.8,2678.3
2020-01-26 ,16:00,7214.14,3005.6,1004.3,1269.0,0,365.1,367.2,1089.0,3119.5
2020-01-26 ,17:00,7754.07,3007.1,1004.8,1270.0,0,365.1,367.2,561.2,4185.8
2020-01-26 ,18:00,8240.99,3005.5,1003.1,1270.0,0,365.1,367.3,424.9,4810.6
2020-01-26 ,19:00,7905.21,3006.6,1005.1,1269.0,0,365.2,367.3,1416.6,3482.0
2020-01-26 ,20:00,7595.65,3007.7,1006.0,1269.0,0,365.5,367.2,1779.7,2808.2
2020-01-26 ,21:00,7370.89,3009.8,1007.3,1269.0,0,366.2,367.3,1230.6,3130.5
2020-01-26 ,22:00,7458.65,3010.3,1008.6,1268.0,0,366.4,367.3,2501.6,1946.7
2020-01-26 ,23:00,7439.37,3012.9,1010.5,1269.0,0,366.2,367.2,3503.8,922.6
2020-01-27 ,00:00,7647.56,3009.2,1007.5,1268.0,0,366.4,367.3,3716.2,922.1
2020-01-27 ,01:00,7723.64,3008.3,1006.8,1268.0,0,366.4,367.1,3815.0,900.3
2020-01-27 ,02:00,7768.15,3006.9,1004.6,1269.0,0,366.1,367.2,3895.7,865.6
2020-01-27 ,03:00,7729.25,3007.0,1005.2,1269.0,0,365.5,367.3,3374.2,1348.0
2020-01-27 ,04:00,7463.54,3008.2,1007.1,1269.0,0,364.9,367.2,2978.4,1476.9
2020-01-27 ,05:00,7726.83,3007.6,1007.2,1269.0,0,364.2,367.2,884.9,3834.3
2020-01-27 ,06:00,7878.05,3003.2,1003.1,1269.0,0,363.9,367.2,-87.7,4874.8
2020-01-27 ,07:00,8757.46,3005.5,1006.0,1268.0,0,364.4,367.1,-107.3,5752.0
2020-01-27 ,08:00,9434.88,3003.1,1003.2,1268.0,0,364.6,367.3,-1006.1,6431.8
2020-01-27 ,09:00,9151.56,3001.9,1003.9,1266.0,0,364.9,367.1,-192.4,6149.7
2020-01-27 ,10:00,9366.86,3002.2,1004.4,1265.0,0,365.5,367.3,753.6,5611.1
2020-01-27 ,11:00,9296.64,2999.9,1004.1,1263.0,0,365.6,367.2,877.9,5418.9
2020-01-27 ,12:00,8919.55,2997.8,1003.0,1262.0,0,365.6,367.2,1178.1,4743.7
2020-01-27 ,13:00,8970.31,2996.0,1003.2,1260.0,0,365.5,367.3,789.7,5184.6
2020-01-27 ,14:00,8888.84,2996.0,1003.1,1260.0,0,365.7,367.2,108.6,5784.2
2020-01-27 ,15:00,8766.96,2996.2,1003.2,1260.0,0,365.6,367.4,426.2,5344.6
2020-01-27 ,16:00,8835.59,2996.8,1002.9,1261.0,0,365.6,367.3,-1162.9,5838.8
2020-01-27 ,17:00,8837.28,2998.7,1003.7,1262.0,0,365.7,367.3,-2751.2,5838.6
2020-01-27 ,18:00,8934.44,2998.8,1004.0,1262.0,0,365.5,367.3,-777.4,5935.6
2020-01-27 ,19:00,8659.9,2997.2,1001.1,1263.0,0,365.8,367.3,1120.9,4541.8
2020-01-27 ,20:00,8222.56,2997.1,1001.8,1262.0,0,366.0,367.3,1394.7,3830.8
2020-01-27 ,21:00,7790.47,2996.7,1001.6,1261.0,0,366.9,367.2,1806.4,2987.4
2020-01-27 ,22:00,7616.59,2993.7,1001.2,1258.0,0,367.1,367.4,3010.6,1612.3
2020-01-27 ,23:00,7685.85,2991.3,1002.1,1255.0,0,366.9,367.3,2715.2,1979.3
2020-01-28 ,00:00,7330.37,2992.3,1003.1,1255.0,0,367.0,367.2,3369.1,969.0
2020-01-28 ,01:00,7469.28,2992.1,1000.5,1257.0,0,367.2,367.4,3837.5,639.7
2020-01-28 ,02:00,7855.78,2992.0,999.8,1258.0,0,366.9,367.3,3793.3,1070.5
2020-01-28 ,03:00,7908.61,2993.7,1000.0,1260.0,0,366.4,367.3,3825.0,1089.9
2020-01-28 ,04:00,7824.82,2993.5,1000.5,1260.0,0,365.6,367.4,3146.9,1684.4
2020-01-28 ,05:00,7413.74,2993.4,1000.4,1261.0,0,364.8,367.2,1416.7,3003.7
2020-01-28 ,06:00,7824.84,2993.6,1000.5,1261.0,0,364.9,367.2,620.3,4210.9
2020-01-28 ,07:00,8641.98,2994.1,999.5,1261.0,0,364.6,369.0,180.7,5467.2
2020-01-28 ,08:00,9101.29,2996.0,998.5,1262.0,0,365.0,370.5,409.1,5696.2
2020-01-28 ,09:00,9196.3,2993.9,1000.0,1261.0,0,365.0,367.9,502.0,5700.4
2020-01-28 ,10:00,9583.42,2998.2,1002.6,1263.0,0,365.3,367.3,-488.7,6585.2
2020-01-28 ,11:00,9650.01,2884.5,890.5,1261.0,0,365.7,367.3,750.2,6015.3
2020-01-28 ,12:00,9235.27,2996.4,1002.6,1261.0,0,365.5,367.3,1485.3,4753.6
2020-01-28 ,13:00,9195.11,2995.0,1002.9,1259.0,0,365.8,367.3,1145.4,5054.7
2020-01-28 ,14:00,9069.07,2996.7,1003.7,1260.0,0,365.8,367.2,791.3,5281.1
2020-01-28 ,15:00,8946.28,2999.6,1002.9,1264.0,0,365.5,367.2,946.0,5000.7
2020-01-28 ,16:00,8993.53,2999.6,1002.9,1265.0,0,364.5,367.2,730.0,5263.9
2020-01-28 ,17:00,9158.36,3005.5,1003.6,1270.0,0,364.7,367.2,-139.2,6152.9
2020-01-28 ,18:00,9228.18,3011.2,1010.9,1268.0,0,365.1,367.2,656.4,5560.6
2020-01-28 ,19:00,8783.94,3014.0,1013.4,1268.0,0,365.4,367.2,1149.5,4620.4
2020-01-28 ,20:00,8332.74,3014.5,1012.6,1269.0,0,365.7,367.2,969.9,4348.3
2020-01-28 ,21:00,7850.11,3006.5,1003.7,1269.0,0,366.5,367.3,1641.4,3202.2
2020-01-28 ,22:00,7626.85,3006.7,1003.9,1269.0,0,366.6,367.2,1595.8,3024.3
2020-01-28 ,23:00,7497.58,3006.9,1004.3,1269.0,0,366.3,367.3,1885.5,2605.2
2020-01-29 ,00:00,7290.65,3004.5,1003.8,1267.0,0,366.4,367.3,2200.2,2086.0
2020-01-29 ,01:00,7211.47,3005.1,1002.5,1269.0,0,366.4,367.2,2906.3,1300.1
2020-01-29 ,02:00,7711.35,3002.3,1002.8,1266.0,0,366.2,367.3,3096.1,1613.0
2020-01-29 ,03:00,7727.08,3003.0,1004.1,1266.0,0,365.7,367.2,2313.0,2411.1
2020-01-29 ,04:00,7446.18,3002.9,1004.7,1266.0,0,364.8,367.4,1000.9,3442.4
2020-01-29 ,05:00,7337.52,3004.5,1003.6,1270.0,0,363.8,367.1,-1979.4,4333.0
2020-01-29 ,06:00,7994.8,3004.1,1003.2,1270.0,0,363.8,367.1,-2265.5,4990.7
2020-01-29 ,07:00,8844.14,3004.0,1003.1,1270.0,0,363.7,367.2,-2902.7,5840.1
2020-01-29 ,08:00,9282.57,3003.9,1003.8,1269.0,0,363.9,367.2,-2911.1,6278.7
2020-01-29 ,09:00,9349.88,3003.5,1003.8,1268.0,0,364.5,367.2,-2551.2,6346.4
2020-01-29 ,10:00,9465.64,3002.1,1002.6,1268.0,0,364.6,366.9,-558.9,6463.5
2020-01-29 ,11:00,9470.07,3002.8,1001.9,1269.0,0,364.7,367.2,1725.0,4742.3
2020-01-29 ,12:00,9155.04,3001.4,1002.6,1267.0,0,364.8,367.0,1522.4,4631.3
2020-01-29 ,13:00,9112.18,3001.5,1003.3,1266.0,0,365.0,367.2,-156.9,6110.7
2020-01-29 ,14:00,8960.09,2998.2,1001.8,1264.0,0,365.2,367.2,143.9,5818.0
2020-01-29 ,15:00,8831.71,2999.5,1002.2,1265.0,0,365.1,367.2,-692.9,5832.2
2020-01-29 ,16:00,8801.25,3000.0,1002.8,1265.0,0,364.9,367.3,-1833.5,5801.2
2020-01-29 ,17:00,8935.4,3000.5,1001.4,1267.0,0,364.9,367.2,-2644.4,5934.9
2020-01-29 ,18:00,9088.36,3000.1,1001.9,1266.0,0,365.0,367.2,-2409.4,6088.3
2020-01-29 ,19:00,8714.46,2999.3,1001.7,1265.0,0,365.3,367.3,-2284.9,5715.2
2020-01-29 ,20:00,8201.48,3000.8,1003.9,1264.0,0,365.7,367.2,-1158.0,5200.7
2020-01-29 ,21:00,7724.54,3001.8,1003.1,1265.0,0,366.5,367.2,-1263.6,4722.7
2020-01-29 ,22:00,7545.76,3002.2,1003.1,1265.0,0,366.8,367.3,2104.6,2439.0
2020-01-29 ,23:00,7587.43,3003.0,1003.5,1266.0,0,366.3,367.2,2772.8,1811.7
2020-01-30 ,00:00,8009.98,3003.7,1004.1,1266.0,0,366.3,367.3,3024.4,1981.9
2020-01-30 ,01:00,7953.28,3006.4,1004.7,1268.0,0,366.4,367.3,3314.4,1632.5
2020-01-30 ,02:00,8126.33,3004.9,1004.4,1267.0,0,366.3,367.2,3395.5,1725.9
2020-01-30 ,03:00,8084.78,3005.4,1004.8,1268.0,0,365.3,367.3,3115.4,1964.0
2020-01-30 ,04:00,7720.1,3005.4,1004.6,1269.0,0,364.5,367.3,2780.4,1934.3
2020-01-30 ,05:00,7940.85,3005.6,1004.8,1270.0,0,363.7,367.1,1112.7,3822.6
2020-01-30 ,06:00,8121.97,3006.4,1005.0,1271.0,0,363.5,366.9,500.4,4615.2
2020-01-30 ,07:00,8852.15,3007.5,1005.0,1272.0,0,363.6,366.9,559.0,5285.6
2020-01-30 ,08:00,9207.25,3009.2,1004.5,1273.0,0,364.5,367.2,516.9,5681.1
2020-01-30 ,09:00,9077.76,3007.1,1003.7,1271.0,0,365.1,367.3,1129.8,4940.8
2020-01-30 ,10:00,8997.75,3004.3,1003.6,1268.0,0,365.6,367.1,1571.8,4421.6
2020-01-30 ,11:00,8960.24,3002.3,1002.5,1267.0,0,365.5,367.3,2241.0,3717.0
2020-01-30 ,12:00,8858.9,2996.5,1001.8,1265.0,0,362.4,367.3,2189.5,3672.9
2020-01-30 ,13:00,8704.44,2995.0,1001.6,1261.0,0,365.0,367.4,1689.3,4020.1
2020-01-30 ,14:00,8513.89,2991.9,1000.4,1260.0,0,364.2,367.3,1311.6,4210.4
2020-01-30 ,15:00,8423.37,2992.1,999.5,1261.0,0,364.4,367.2,671.4,4759.8
2020-01-30 ,16:00,8550.22,2996.4,1000.1,1263.0,0,365.8,367.5,293.8,5260.1
2020-01-30 ,17:00,8758.98,2994.7,999.6,1262.0,0,365.8,367.3,-172.8,5764.3
2020-01-30 ,18:00,8930.08,2996.6,1000.5,1263.0,0,365.9,367.2,519.9,5413.6
2020-01-30 ,19:00,8572.27,3001.1,1004.8,1263.0,0,366.0,367.3,799.2,4772.0
2020-01-30 ,20:00,8065.44,3002.7,1005.9,1263.0,0,366.5,367.3,1317.8,3745.0
2020-01-30 ,21:00,7680.16,2995.0,997.7,1263.0,0,367.0,367.3,2315.2,2369.9
2020-01-30 ,22:00,7996.81,2996.2,999.5,1262.0,0,367.4,367.3,2926.6,2074.0
2020-01-30 ,23:00,7970.77,2994.4,998.6,1261.0,0,367.4,367.4,2474.1,2502.2
2020-01-31 ,00:00,7381.59,2992.7,997.8,1260.0,0,367.6,367.3,3000.0,1388.9
2020-01-31 ,01:00,7606.55,2992.5,998.4,1259.0,0,367.7,367.4,3349.6,1264.5
2020-01-31 ,02:00,7635.06,2991.3,998.5,1258.0,0,367.5,367.3,3454.3,1189.4
2020-01-31 ,03:00,7875.91,2994.9,1003.6,1257.0,0,366.9,367.4,3091.5,1789.5
2020-01-31 ,04:00,7655.04,2996.8,1006.2,1257.0,0,366.2,367.4,2458.4,2199.8
2020-01-31 ,05:00,7500.44,2991.6,1003.0,1256.0,0,365.4,367.2,1012.1,3496.7
2020-01-31 ,06:00,7850.59,2983.6,997.9,1253.0,0,365.5,367.2,89.5,4777.5
2020-01-31 ,07:00,8425.85,2985.9,998.4,1255.0,0,365.5,367.0,142.8,5297.2
2020-01-31 ,08:00,8803.76,2984.4,999.0,1252.0,0,366.1,367.3,-109.1,5819.4
2020-01-31 ,09:00,8880.42,2988.0,1000.6,1254.0,0,366.2,367.2,857.7,5034.7
2020-01-31 ,10:00,8892.69,2986.7,1002.1,1251.0,0,366.4,367.2,872.1,5033.9
2020-01-31 ,11:00,8865.94,2980.5,997.3,1249.0,0,366.9,367.3,1457.7,4427.8
2020-01-31 ,12:00,8480.45,2976.9,995.5,1247.0,0,367.1,367.3,1768.9,3734.6
2020-01-31 ,13:00,8312.3,2972.2,994.7,1243.0,0,367.3,367.2,1491.8,3848.3
2020-01-31 ,14:00,8071.25,2971.6,994.0,1243.0,0,367.2,367.4,1390.0,3709.7
2020-01-31 ,15:00,7899.48,2972.9,993.3,1245.0,0,367.3,367.3,353.9,4572.6
2020-01-31 ,16:00,7874.94,2973.1,994.2,1245.0,0,366.7,367.2,663.4,4238.4
2020-01-31 ,17:00,8174.36,2974.3,995.5,1245.0,0,366.6,367.2,677.7,4522.4
2020-01-31 ,18:00,8639.22,2980.0,997.2,1249.0,0,366.5,367.3,1125.3,4533.9
2020-01-31 ,19:00,8288.2,2978.6,996.4,1248.0,0,367.0,367.2,1144.9,4164.7
2020-01-31 ,20:00,7744.65,2976.9,994.5,1248.0,0,367.1,367.3,1308.4,3459.4
2020-01-31 ,21:00,7308.98,2981.6,996.6,1250.0,0,367.8,367.2,1953.6,2373.7
2020-01-31 ,22:00,7357.39,2982.9,997.7,1250.0,0,368.0,367.2,2473.8,1900.7
2020-01-31 ,23:00,7360.91,2983.9,996.8,1252.0,0,367.9,367.2,2175.4,2201.6
